model,fpr,tpr,threshold
rule,0.0,0.0,inf
rule,0.0,0.9925512104283054,0.9999546021312976
rule,0.46479791395045633,1.0,4.5397868702434395e-05
rule,0.8396349413298566,1.0,9.357622968839299e-14
rule,1.0,1.0,4.248354255291589e-18
rectified_l1,0.0,0.0,inf
rectified_l1,0.0,0.00186219739292365,0.9999996316992399
rectified_l1,0.0,0.00558659217877095,0.9999968716333308
rectified_l1,0.0,0.01675977653631285,0.9999032836564286
rectified_l1,0.0,0.020484171322160148,0.9999027995945282
rectified_l1,0.0,0.0260707635009311,0.9998396762909091
rectified_l1,0.0,0.0335195530726257,0.9998257867529735
rectified_l1,0.0,0.04283054003724395,0.9996912913611707
rectified_l1,0.0,0.04655493482309125,0.9996446468482886
rectified_l1,0.0,0.05027932960893855,0.9994070111743327
rectified_l1,0.0,0.054003724394785846,0.999406545022884
rectified_l1,0.0,0.0782122905027933,0.9990249939054876
rectified_l1,0.0,0.08193668528864059,0.998984356646728
rectified_l1,0.0,0.09683426443202979,0.9987923438194356
rectified_l1,0.0,0.1005586592178771,0.9987877493619007
rectified_l1,0.0,0.12104283054003724,0.9986265620856921
rectified_l1,0.0,0.9124767225325885,0.9986045393538647
rectified_l1,0.0,0.9162011173184358,0.9986045393538645
rectified_l1,0.0,0.9199255121042831,0.9985094636670544
rectified_l1,0.0,0.9236499068901304,0.9985017391985289
rectified_l1,0.0,0.925512104283054,0.9985015071692117
rectified_l1,0.0,0.9292364990689013,0.9984962757107891
rectified_l1,0.0,0.9459962756052142,0.9982283404833551
rectified_l1,0.0,0.9497206703910615,0.9982268928621573
rectified_l1,0.0,0.9608938547486033,0.9978634324153159
rectified_l1,0.0,0.9646182495344506,0.9978522155646009
rectified_l1,0.0,0.9702048417132216,0.9971878050956589
rectified_l1,0.0,0.9739292364990689,0.9966817486134777
rectified_l1,0.0,0.9757914338919925,0.9963847659860029
rectified_l1,0.0,0.9795158286778398,0.9946393406658315
rectified_l1,0.0,0.9888268156424581,0.8453918927947738
rectified_l1,0.000651890482398957,0.9888268156424581,0.8277536479854625
rectified_l1,0.000651890482398957,0.9906890130353817,0.6780335361451797
rectified_l1,0.001303780964797914,0.9906890130353817,0.6671615173869738
rectified_l1,0.001303780964797914,0.9925512104283054,0.5369969673774986
rectified_l1,0.010430247718383311,0.9925512104283054,0.04166587550281019
rectified_l1,0.024119947848761408,0.9981378026070763,0.03730614610450054
rectified_l1,0.028683181225554105,0.9981378026070763,0.021514300627353218
rectified_l1,0.03129074315514994,1.0,0.021347219144709
rectified_l1,0.03389830508474576,1.0,0.015776233104825774
rectified_l1,0.035202086049543675,1.0,0.015437533404331528
rectified_l1,0.041720990873533245,1.0,0.0121720673606266
rectified_l1,0.044980443285528034,1.0,0.010349474839469004
rectified_l1,0.05345501955671447,1.0,0.007778328337087685
rectified_l1,0.054758800521512385,1.0,0.007013353359313441
rectified_l1,0.05736636245110821,1.0,0.005903992065629871
rectified_l1,0.05867014341590613,1.0,0.005700824738217563
rectified_l1,0.05997392438070404,1.0,0.005286649836670197
rectified_l1,0.06258148631029987,1.0,0.004553506400053982
rectified_l1,0.06323337679269883,1.0,0.004301489286354027
rectified_l1,0.06453715775749674,1.0,0.004299790459708085
rectified_l1,0.06649282920469361,1.0,0.0033370659361304914
rectified_l1,0.0697522816166884,1.0,0.0031057399361084205
rectified_l1,0.07040417209908735,1.0,0.002933122818781806
rectified_l1,0.07170795306388526,1.0,0.0026309251478917107
rectified_l1,0.07301173402868318,1.0,0.002376025451093135
rectified_l1,0.07431551499348109,1.0,0.0023026294871768154
rectified_l1,0.07953063885267275,1.0,0.0019405750747980835
rectified_l1,0.08213820078226858,1.0,0.0017590229894906587
rectified_l1,0.0847457627118644,1.0,0.001435091909613986
rectified_l1,0.08865710560625815,1.0,0.001416979735986858
rectified_l1,0.09126466753585398,1.0,0.0013481415890091355
rectified_l1,0.09256844850065189,1.0,0.0013415570581860178
rectified_l1,0.09322033898305085,1.0,0.0012583954535624765
rectified_l1,0.09452411994784876,1.0,0.0012201134345857694
rectified_l1,0.09582790091264667,1.0,0.001212505167072378
rectified_l1,0.09713168187744459,1.0,0.001155577471728806
rectified_l1,0.10365058670143416,1.0,0.0008146374106827167
rectified_l1,0.10625814863102999,1.0,0.0007930966789599641
rectified_l1,0.1075619295958279,1.0,0.000711189161089172
rectified_l1,0.10886571056062581,1.0,0.0006736196449401169
rectified_l1,0.11082138200782268,1.0,0.0005961558453569894
rectified_l1,0.11147327249022164,1.0,0.0005578477217155304
rectified_l1,0.11342894393741851,1.0,0.0005523451835320915
rectified_l1,0.11408083441981746,1.0,0.0005472789344901212
rectified_l1,0.11603650586701435,1.0,0.0005446054333709338
rectified_l1,0.1166883963494133,1.0,0.0005014932434656411
rectified_l1,0.11929595827900913,1.0,0.0004824919773039011
rectified_l1,0.12451108213820078,1.0,0.00031696885094198993
rectified_l1,0.12842242503259452,1.0,0.0002918489506701037
rectified_l1,0.13102998696219034,1.0,0.00028026081826891086
rectified_l1,0.1316818774445893,1.0,0.00027849283235270204
rectified_l1,0.13363754889178617,1.0,0.00027513547541220323
rectified_l1,0.13559322033898305,1.0,0.0002410410079379728
rectified_l1,0.13820078226857888,1.0,0.00024088965135236537
rectified_l1,0.1408083441981747,1.0,0.00018296164456785678
rectified_l1,0.14797913950456323,1.0,0.00017837429696165708
rectified_l1,0.15058670143415906,1.0,0.0001574544082352831
rectified_l1,0.15189048239895697,1.0,0.0001542774704238946
rectified_l1,0.15384615384615385,1.0,0.0001411235477945975
rectified_l1,0.15971316818774445,1.0,0.00011634613867751893
rectified_l1,0.16166883963494133,1.0,0.00011603307827541338
rectified_l1,0.16297262059973924,1.0,0.00011236410426343466
rectified_l1,0.16558018252933507,1.0,0.00011216813486469373
rectified_l1,0.16688396349413298,1.0,0.00010847853096393707
rectified_l1,0.17079530638852672,1.0,0.00010391632129614168
rectified_l1,0.17209908735332463,1.0,0.00010264604953844653
rectified_l1,0.17340286831812254,1.0,0.00010121186023988364
rectified_l1,0.17861799217731422,1.0,7.865292631433007e-05
rectified_l1,0.17992177314211213,1.0,7.523242739209158e-05
rectified_l1,0.18252933507170796,1.0,7.397317673366886e-05
rectified_l1,0.1877444589308996,1.0,5.8256390843916414e-05
rectified_l1,0.18904823989569752,1.0,5.7912338419969034e-05
rectified_l1,0.19556714471968709,1.0,4.919321652911846e-05
rectified_l1,0.19882659713168188,1.0,4.8186048314936086e-05
rectified_l1,0.2014341590612777,1.0,4.184030223138791e-05
rectified_l1,0.2046936114732725,1.0,4.03500444283841e-05
rectified_l1,0.20730117340286833,1.0,3.711488740329682e-05
rectified_l1,0.21121251629726207,1.0,3.677844255461209e-05
rectified_l1,0.21577574967405475,1.0,3.222345281613334e-05
rectified_l1,0.21707953063885269,1.0,3.158426652259802e-05
rectified_l1,0.22359843546284225,1.0,2.7282957840321555e-05
rectified_l1,0.22490221642764016,1.0,2.6026043292539575e-05
rectified_l1,0.22816166883963493,1.0,2.6006249223848706e-05
rectified_l1,0.2288135593220339,1.0,2.487509763049248e-05
rectified_l1,0.23272490221642764,1.0,2.3804306073414976e-05
rectified_l1,0.2405475880052151,1.0,1.811098636714854e-05
rectified_l1,0.24511082138200782,1.0,1.7897295070564365e-05
rectified_l1,0.24902216427640156,1.0,1.5373718090416224e-05
rectified_l1,0.25097783572359844,1.0,1.485653291052368e-05
rectified_l1,0.25358539765319427,1.0,1.3408562665800457e-05
rectified_l1,0.25749674054758803,1.0,1.3317644286214023e-05
rectified_l1,0.2666232073011734,1.0,1.047048359146116e-05
rectified_l1,0.26792698826597133,1.0,1.0461300550375816e-05
rectified_l1,0.26988265971316816,1.0,1.0213308958044998e-05
rectified_l1,0.27053455019556716,1.0,1.0074996245847286e-05
rectified_l1,0.27249022164276404,1.0,9.16804221060022e-06
rectified_l1,0.28096479791395046,1.0,6.964848581502525e-06
rectified_l1,0.28226857887874834,1.0,6.8772289979710776e-06
rectified_l1,0.2842242503259452,1.0,6.716730659318463e-06
rectified_l1,0.2848761408083442,1.0,6.567808473159851e-06
rectified_l1,0.28748370273794005,1.0,6.356318770820132e-06
rectified_l1,0.2926988265971317,1.0,6.3496044985657055e-06
rectified_l1,0.29465449804432853,1.0,5.7367165021764204e-06
rectified_l1,0.31681877444589307,1.0,5.721845914967575e-06
rectified_l1,0.3200782268578879,1.0,5.4362348667740236e-06
rectified_l1,0.32333767926988266,1.0,5.061517303150269e-06
rectified_l1,0.3246414602346806,1.0,4.775068650038707e-06
rectified_l1,0.3285528031290743,1.0,4.231846467254876e-06
rectified_l1,0.33376792698826596,1.0,4.228097873608042e-06
rectified_l1,0.3344198174706649,1.0,3.989695975340646e-06
rectified_l1,0.33702737940026073,1.0,3.987674734461879e-06
rectified_l1,0.33833116036505867,1.0,3.8847302517424515e-06
rectified_l1,0.34028683181225555,1.0,3.8831546267488134e-06
rectified_l1,0.3409387222946545,1.0,3.8674507489871325e-06
rectified_l1,0.34419817470664926,1.0,3.6884844891158926e-06
rectified_l1,0.3455019556714472,1.0,3.648171887983219e-06
rectified_l1,0.35267275097783574,1.0,2.554129168687282e-06
rectified_l1,0.3546284224250326,1.0,2.423501963537655e-06
rectified_l1,0.3559322033898305,1.0,2.412647400785615e-06
rectified_l1,0.3578878748370274,1.0,2.3875179863089737e-06
rectified_l1,0.3604954367666232,1.0,2.2624162780228137e-06
rectified_l1,0.36310299869621904,1.0,2.2067278717573965e-06
rectified_l1,0.3728813559322034,1.0,1.7540523535440037e-06
rectified_l1,0.3754889178617992,1.0,1.7405100895227281e-06
rectified_l1,0.3767926988265971,1.0,1.6333453018989967e-06
rectified_l1,0.3833116036505867,1.0,1.6028450272204438e-06
rectified_l1,0.3852672750977836,1.0,1.4927155180802734e-06
rectified_l1,0.38852672750977835,1.0,1.490064607511694e-06
rectified_l1,0.3898305084745763,1.0,1.4577748042724578e-06
rectified_l1,0.3924380704041721,1.0,1.3983930271234329e-06
rectified_l1,0.39308996088657105,1.0,1.3936988224725976e-06
rectified_l1,0.3956975228161669,1.0,1.3295410725083945e-06
rectified_l1,0.3970013037809648,1.0,1.3245535450566982e-06
rectified_l1,0.39960886571056065,1.0,1.1715147552372575e-06
rectified_l1,0.40091264667535853,1.0,1.1083464297841954e-06
rectified_l1,0.40352020860495436,1.0,9.776023005786337e-07
rectified_l1,0.41460234680573665,1.0,9.667861630503685e-07
rectified_l1,0.4165580182529335,1.0,8.484957727593518e-07
rectified_l1,0.4178617992177314,1.0,8.155972167057519e-07
rectified_l1,0.4198174706649283,1.0,8.077293460436275e-07
rectified_l1,0.42046936114732725,1.0,7.931950101193371e-07
rectified_l1,0.42242503259452413,1.0,7.350483360987088e-07
rectified_l1,0.423728813559322,1.0,6.395335069120051e-07
rectified_l1,0.424380704041721,1.0,6.33425647489872e-07
rectified_l1,0.42698826597131684,1.0,6.20099230060171e-07
rectified_l1,0.4276401564537158,1.0,6.073759628989699e-07
rectified_l1,0.42959582790091266,1.0,6.016858649823669e-07
rectified_l1,0.43741851368970014,1.0,5.631289778559364e-07
rectified_l1,0.438722294654498,1.0,5.127589012672939e-07
rectified_l1,0.44132985658409385,1.0,4.952857935826903e-07
rectified_l1,0.44328552803129073,1.0,4.4054487849562747e-07
rectified_l1,0.4491525423728814,1.0,4.1687595308366345e-07
rectified_l1,0.4517601043024772,1.0,3.9794009503170815e-07
rectified_l1,0.45371577574967403,1.0,3.765661645097136e-07
rectified_l1,0.45632333767926986,1.0,3.516835995404658e-07
rectified_l1,0.4661016949152542,1.0,1.568777543067061e-07
rectified_l1,0.46740547588005216,1.0,1.2498026034010526e-07
rectified_l1,0.46936114732724904,1.0,8.911064014031282e-08
rectified_l1,0.4706649282920469,1.0,8.551914868303373e-08
rectified_l1,0.47392438070404175,1.0,7.68414716943867e-08
rectified_l1,0.48565840938722293,1.0,1.2637574291895086e-08
rectified_l1,0.4876140808344198,1.0,1.1107567075736897e-08
rectified_l1,0.49478487614080835,1.0,6.443342652133738e-09
rectified_l1,0.49608865710560623,1.0,5.690418233128728e-09
rectified_l1,0.5039113428943938,1.0,2.4441827469750143e-09
rectified_l1,0.5052151238591917,1.0,2.0759512830815335e-09
rectified_l1,0.5182529335071708,1.0,8.81974215933056e-10
rectified_l1,0.5195567144719687,1.0,8.802323951764268e-10
rectified_l1,0.5221642764015645,1.0,7.245454392263698e-10
rectified_l1,0.5234680573663625,1.0,7.211895733062726e-10
rectified_l1,0.5260756192959583,1.0,6.407356070040407e-10
rectified_l1,0.5273794002607562,1.0,5.788798366294816e-10
rectified_l1,0.5358539765319427,1.0,3.699626807076756e-10
rectified_l1,0.5371577574967406,1.0,3.43847346690605e-10
rectified_l1,0.5397653194263363,1.0,3.18424482214559e-10
rectified_l1,0.5410691003911343,1.0,3.183095012863029e-10
rectified_l1,0.5449804432855281,1.0,2.72478647884236e-10
rectified_l1,0.546284224250326,1.0,2.6881056673231717e-10
rectified_l1,0.5475880052151239,1.0,2.466944082035249e-10
rectified_l1,0.5514993481095176,1.0,2.289618434630729e-10
rectified_l1,0.5664928292046936,1.0,8.361788035887807e-11
rectified_l1,0.5677966101694916,1.0,7.692730715836433e-11
rectified_l1,0.5801825293350718,1.0,5.244994546530769e-11
rectified_l1,0.5834419817470665,1.0,5.2353665139134423e-11
rectified_l1,0.5977835723598436,1.0,2.4173347367464158e-11
rectified_l1,0.5990873533246415,1.0,2.2996529111319868e-11
rectified_l1,0.6003911342894394,1.0,2.2795438841529787e-11
rectified_l1,0.6029986962190352,1.0,2.1766546687308794e-11
rectified_l1,0.6388526727509778,1.0,2.5808433924035566e-12
rectified_l1,0.6401564537157758,1.0,2.56389778326812e-12
rectified_l1,0.6421121251629727,1.0,2.41484929983805e-12
rectified_l1,0.6434159061277706,1.0,2.402331398506901e-12
rectified_l1,0.6486310299869622,1.0,1.7248678550509882e-12
rectified_l1,0.6499348109517601,1.0,1.724867855050982e-12
rectified_l1,0.651238591916558,1.0,1.5830084689458306e-12
rectified_l1,0.6538461538461539,1.0,1.4236187467665882e-12
rectified_l1,0.6564537157757496,1.0,1.2716100527955842e-12
rectified_l1,0.6577574967405476,1.0,1.2195329795457184e-12
rectified_l1,0.6584093872229465,1.0,1.2086195866600047e-12
rectified_l1,0.6597131681877445,1.0,1.1740890809201825e-12
rectified_l1,0.6610169491525424,1.0,1.0565163661321528e-12
rectified_l1,0.6629726205997393,1.0,1.0540972344689361e-12
rectified_l1,0.665580182529335,1.0,9.805121463542043e-13
rectified_l1,0.666883963494133,1.0,9.278866154277602e-13
rectified_l1,0.6694915254237288,1.0,8.814810160437563e-13
rectified_l1,0.6707953063885267,1.0,8.26604621099332e-13
rectified_l1,0.6747066492829205,1.0,7.385659037639864e-13
rectified_l1,0.6760104302477183,1.0,7.361621032515934e-13
rectified_l1,0.6786179921773142,1.0,6.210387515127753e-13
rectified_l1,0.6799217731421121,1.0,6.060846366084082e-13
rectified_l1,0.6805736636245111,1.0,6.015483971402971e-13
rectified_l1,0.6831812255541069,1.0,5.915195430526483e-13
rectified_l1,0.6838331160365059,1.0,5.593153916654872e-13
rectified_l1,0.6851368970013038,1.0,5.391397694201336e-13
rectified_l1,0.6870925684485006,1.0,4.5405222464370547e-13
rectified_l1,0.6897001303780965,1.0,4.3709649359015954e-13
rectified_l1,0.6962190352020861,1.0,3.771366135920513e-13
rectified_l1,0.6975228161668839,1.0,3.4947834847311915e-13
rectified_l1,0.6988265971316818,1.0,3.3725162109857945e-13
rectified_l1,0.7001303780964798,1.0,3.3272470579429993e-13
rectified_l1,0.7040417209908736,1.0,2.9986458593019146e-13
rectified_l1,0.7073011734028684,1.0,2.940844139354405e-13
rectified_l1,0.7105606258148631,1.0,2.1564445373978397e-13
rectified_l1,0.711864406779661,1.0,2.020528807518019e-13
rectified_l1,0.7151238591916558,1.0,1.9252128498429933e-13
rectified_l1,0.7164276401564538,1.0,1.8957581342875893e-13
rectified_l1,0.7177314211212517,1.0,1.814737610110412e-13
rectified_l1,0.7190352020860495,1.0,1.8048271927445135e-13
rectified_l1,0.7288135593220338,1.0,1.3756672324155393e-13
rectified_l1,0.7301173402868318,1.0,1.349046921940883e-13
rectified_l1,0.7333767926988266,1.0,1.0646066176344875e-13
rectified_l1,0.7353324641460235,1.0,9.994505245397287e-14
rectified_l1,0.7379400260756193,1.0,9.401775365952452e-14
rectified_l1,0.741851368970013,1.0,8.112663109672666e-14
rectified_l1,0.7438070404172099,1.0,8.015113662599366e-14
rectified_l1,0.7470664928292047,1.0,6.560945347694623e-14
rectified_l1,0.7483702737940026,1.0,6.53505576466824e-14
rectified_l1,0.7509778357235984,1.0,6.03965580576821e-14
rectified_l1,0.7529335071707953,1.0,5.500618142020877e-14
rectified_l1,0.7542372881355932,1.0,5.254500065123913e-14
rectified_l1,0.7561929595827901,1.0,5.077058100489777e-14
rectified_l1,0.757496740547588,1.0,4.9689452397433544e-14
rectified_l1,0.758800521512386,1.0,4.612285001605292e-14
rectified_l1,0.7614080834419817,1.0,4.30391630203402e-14
rectified_l1,0.7627118644067796,1.0,4.193718910717517e-14
rectified_l1,0.7653194263363755,1.0,3.8944663568212985e-14
rectified_l1,0.7666232073011734,1.0,3.7237927109764027e-14
rectified_l1,0.7731421121251629,1.0,3.148718487815403e-14
rectified_l1,0.7744458930899609,1.0,3.0911549882269934e-14
rectified_l1,0.7764015645371578,1.0,2.5263854353727484e-14
rectified_l1,0.7777053455019557,1.0,2.449074247851387e-14
rectified_l1,0.7796610169491526,1.0,2.417965357554076e-14
rectified_l1,0.7894393741851369,1.0,1.4094471993721749e-14
rectified_l1,0.7907431551499348,1.0,1.3798307167605459e-14
rectified_l1,0.7920469361147328,1.0,1.32845108650604e-14
rectified_l1,0.7946544980443285,1.0,1.1640484369554454e-14
rectified_l1,0.8005215123859192,1.0,7.852266864086249e-15
rectified_l1,0.8018252933507171,1.0,7.730250128894307e-15
rectified_l1,0.803129074315515,1.0,7.397630047586868e-15
rectified_l1,0.8050847457627118,1.0,7.344385693299483e-15
rectified_l1,0.8102998696219035,1.0,5.839532331486217e-15
rectified_l1,0.8148631029986962,1.0,5.712178516498064e-15
rectified_l1,0.818122555410691,1.0,3.934483790494686e-15
rectified_l1,0.8200782268578879,1.0,3.927808553040887e-15
rectified_l1,0.8220338983050848,1.0,3.3272010645403366e-15
rectified_l1,0.8239895697522817,1.0,3.274155727397263e-15
rectified_l1,0.8272490221642764,1.0,2.4754048811111814e-15
rectified_l1,0.8285528031290743,1.0,2.463076784478038e-15
rectified_l1,0.8298565840938722,1.0,2.148724056115386e-15
rectified_l1,0.8318122555410691,1.0,2.0130782183414597e-15
rectified_l1,0.833116036505867,1.0,1.717829206077592e-15
rectified_l1,0.834419817470665,1.0,1.5672889734648168e-15
rectified_l1,0.848109517601043,1.0,5.809620112136487e-16
rectified_l1,0.8507170795306388,1.0,4.997885376798793e-16
rectified_l1,0.8565840938722294,1.0,1.4354548023148225e-16
rectified_l1,0.8578878748370273,1.0,1.3633445869380051e-16
rectified_l1,0.8754889178617992,1.0,4.438573260055767e-18
rectified_l1,1.0,1.0,4.248354255291589e-18
raw_l1,0.0,0.0,inf
raw_l1,0.0,0.00186219739292365,0.9922678033291038
raw_l1,0.0,0.11359404096834265,0.9228763152539041
raw_l1,0.000651890482398957,0.11359404096834265,0.9218938089397695
raw_l1,0.000651890482398957,0.1154562383612663,0.9216076208523118
raw_l1,0.001303780964797914,0.1154562383612663,0.9189126328731765
raw_l1,0.001303780964797914,0.11731843575418995,0.918898481936542
raw_l1,0.001955671447196871,0.11731843575418995,0.9177466109117038
raw_l1,0.001955671447196871,0.12104283054003724,0.9149532638875864
raw_l1,0.002607561929595828,0.12104283054003724,0.9139489648931384
raw_l1,0.002607561929595828,0.12290502793296089,0.9139266740669164
raw_l1,0.003259452411994785,0.12290502793296089,0.9136366307627135
raw_l1,0.003259452411994785,0.12476722532588454,0.9116473553455778
raw_l1,0.003911342894393742,0.12476722532588454,0.9080527991826297
raw_l1,0.003911342894393742,0.1266294227188082,0.9079040559160554
raw_l1,0.0045632333767926985,0.1266294227188082,0.9070114264863007
raw_l1,0.0045632333767926985,0.12849162011173185,0.9015565255990465
raw_l1,0.005215123859191656,0.12849162011173185,0.9013950200740358
raw_l1,0.005215123859191656,0.13221601489757914,0.9001568829883796
raw_l1,0.007170795306388526,0.13221601489757914,0.8958026131887381
raw_l1,0.007170795306388526,0.13594040968342644,0.8930002674555907
raw_l1,0.00847457627118644,0.13594040968342644,0.8905884042248247
raw_l1,0.00847457627118644,0.13966480446927373,0.8896351283436623
raw_l1,0.009126466753585397,0.13966480446927373,0.8868150956085051
raw_l1,0.009126466753585397,0.14152700186219738,0.8858580602855003
raw_l1,0.009778357235984355,0.14152700186219738,0.885392477293863
raw_l1,0.009778357235984355,0.148975791433892,0.8795639816761054
raw_l1,0.010430247718383311,0.148975791433892,0.8793202767748443
raw_l1,0.010430247718383311,0.1527001862197393,0.8786691849359367
raw_l1,0.01108213820078227,0.1527001862197393,0.877959346673861
raw_l1,0.01108213820078227,0.15456238361266295,0.8767511141839939
raw_l1,0.011734028683181226,0.15456238361266295,0.8763131039876777
raw_l1,0.011734028683181226,0.1564245810055866,0.875449769639106
raw_l1,0.01303780964797914,0.1564245810055866,0.8736046310319294
raw_l1,0.01303780964797914,0.19366852886405958,0.8499846120833007
raw_l1,0.013689700130378096,0.19366852886405958,0.8497560996498561
raw_l1,0.013689700130378096,0.20670391061452514,0.8410918278822875
raw_l1,0.01499348109517601,0.20670391061452514,0.8371916780035096
raw_l1,0.01499348109517601,0.21787709497206703,0.8281398746092157
raw_l1,0.01564537157757497,0.21787709497206703,0.8278720239745438
raw_l1,0.01564537157757497,0.22532588454376165,0.8208368008078224
raw_l1,0.016297262059973925,0.22532588454376165,0.8205119788249775
raw_l1,0.016297262059973925,0.2271880819366853,0.820125062386888
raw_l1,0.01694915254237288,0.2271880819366853,0.8199925771900656
raw_l1,0.01694915254237288,0.2309124767225326,0.8192060731201091
raw_l1,0.017601043024771838,0.2309124767225326,0.8167217769037248
raw_l1,0.017601043024771838,0.2569832402234637,0.7923994255115928
raw_l1,0.018904823989569754,0.2569832402234637,0.7922871806467805
raw_l1,0.018904823989569754,0.26256983240223464,0.7864772221997576
raw_l1,0.01955671447196871,0.26256983240223464,0.7844055410237532
raw_l1,0.01955671447196871,0.2718808193668529,0.776488943903219
raw_l1,0.02151238591916558,0.2718808193668529,0.7735338301446408
raw_l1,0.02151238591916558,0.2811918063314711,0.7654140894992293
raw_l1,0.02216427640156454,0.2811918063314711,0.7653524790779969
raw_l1,0.02216427640156454,0.28677839851024206,0.7634797933876749
raw_l1,0.022816166883963495,0.28677839851024206,0.7620408172032382
raw_l1,0.022816166883963495,0.3091247672253259,0.7514687707142969
raw_l1,0.02346805736636245,0.3091247672253259,0.7508996149521874
raw_l1,0.02346805736636245,0.3128491620111732,0.7497046846872585
raw_l1,0.024771838331160364,0.3128491620111732,0.7463559214779875
raw_l1,0.024771838331160364,0.3165735567970205,0.7443688073700716
raw_l1,0.025423728813559324,0.3165735567970205,0.7437999979139849
raw_l1,0.025423728813559324,0.31843575418994413,0.7436616848198545
raw_l1,0.02803129074315515,0.31843575418994413,0.7405309608610743
raw_l1,0.02803129074315515,0.3240223463687151,0.7376616539299818
raw_l1,0.029335071707953065,0.3240223463687151,0.7345038585926644
raw_l1,0.029335071707953065,0.3258845437616387,0.7333423427274378
raw_l1,0.02998696219035202,0.3258845437616387,0.7332180422614887
raw_l1,0.02998696219035202,0.33147113594040967,0.7324902721062233
raw_l1,0.03129074315514994,0.33147113594040967,0.7293302359806042
raw_l1,0.03129074315514994,0.35195530726256985,0.7163004112212036
raw_l1,0.031942633637548894,0.35195530726256985,0.7161231588264992
raw_l1,0.031942633637548894,0.35567970204841715,0.7128717159593291
raw_l1,0.03259452411994785,0.35567970204841715,0.7115911485836544
raw_l1,0.03259452411994785,0.3575418994413408,0.7101369990428259
raw_l1,0.033246414602346806,0.3575418994413408,0.7099103205862464
raw_l1,0.033246414602346806,0.36312849162011174,0.7087873892929488
raw_l1,0.03389830508474576,0.36312849162011174,0.7061076475292563
raw_l1,0.03389830508474576,0.37243947858473,0.6994813988483879
raw_l1,0.03455019556714472,0.37243947858473,0.6989370669258052
raw_l1,0.03455019556714472,0.38361266294227186,0.6915731238034868
raw_l1,0.035202086049543675,0.38361266294227186,0.6896402156500612
raw_l1,0.035202086049543675,0.3854748603351955,0.6885731759602761
raw_l1,0.03585397653194263,0.3854748603351955,0.6884425119646546
raw_l1,0.03585397653194263,0.38733705772811916,0.6880555032172406
raw_l1,0.03650586701434159,0.38733705772811916,0.6880518428383918
raw_l1,0.03650586701434159,0.3891992551210428,0.687961719471727
raw_l1,0.037157757496740544,0.3891992551210428,0.6855192092003741
raw_l1,0.037157757496740544,0.40782122905027934,0.678524572062101
raw_l1,0.03780964797913951,0.40782122905027934,0.6775541682061507
raw_l1,0.03780964797913951,0.41154562383612664,0.675640612512012
raw_l1,0.038461538461538464,0.41154562383612664,0.672919551349206
raw_l1,0.038461538461538464,0.41527001862197394,0.6719100906155775
raw_l1,0.03911342894393742,0.41527001862197394,0.6710432080972697
raw_l1,0.03911342894393742,0.41899441340782123,0.6686110130878854
raw_l1,0.039765319426336376,0.41899441340782123,0.6680922665275633
raw_l1,0.039765319426336376,0.43575418994413406,0.6622645838759424
raw_l1,0.04041720990873533,0.43575418994413406,0.6611974699556777
raw_l1,0.04041720990873533,0.44320297951582865,0.6594821128359407
raw_l1,0.04106910039113429,0.44320297951582865,0.6593909163379963
raw_l1,0.04106910039113429,0.46368715083798884,0.6532231811902223
raw_l1,0.0423728813559322,0.46368715083798884,0.652165862251961
raw_l1,0.0423728813559322,0.4767225325884544,0.6430591885743228
raw_l1,0.04302477183833116,0.4767225325884544,0.6427028115156127
raw_l1,0.04302477183833116,0.4860335195530726,0.6401382593470993
raw_l1,0.043676662320730114,0.4860335195530726,0.6393078135266408
raw_l1,0.043676662320730114,0.49162011173184356,0.6372279941547405
raw_l1,0.044980443285528034,0.49162011173184356,0.6343167735173667
raw_l1,0.044980443285528034,0.49906890130353815,0.6247105116694402
raw_l1,0.04563233376792699,0.49906890130353815,0.6244370702123391
raw_l1,0.04563233376792699,0.5102420856610801,0.6150625302447564
raw_l1,0.046284224250325946,0.5102420856610801,0.6141467967255501
raw_l1,0.046284224250325946,0.5176908752327747,0.6066455444726591
raw_l1,0.0469361147327249,0.5176908752327747,0.6063737309119788
raw_l1,0.0469361147327249,0.5195530726256983,0.6053800046372693
raw_l1,0.04758800521512386,0.5195530726256983,0.6036631096321773
raw_l1,0.04758800521512386,0.521415270018622,0.5999107420357239
raw_l1,0.048239895697522815,0.521415270018622,0.5997680727927368
raw_l1,0.048239895697522815,0.5381750465549349,0.5892561321214053
raw_l1,0.04889178617992177,0.5381750465549349,0.5859415889710357
raw_l1,0.04889178617992177,0.5400372439478585,0.5857602361631689
raw_l1,0.05084745762711865,0.5400372439478585,0.5727815467042927
raw_l1,0.05084745762711865,0.5493482309124768,0.5638909832786082
raw_l1,0.051499348109517604,0.5493482309124768,0.5627770740559928
raw_l1,0.051499348109517604,0.5605214152700186,0.5487222420681467
raw_l1,0.05215123859191656,0.5605214152700186,0.5475120589054702
raw_l1,0.05215123859191656,0.5716945996275605,0.5384432532098323
raw_l1,0.052803129074315516,0.5716945996275605,0.5382776901220968
raw_l1,0.052803129074315516,0.5791433891992551,0.533437638469125
raw_l1,0.05410691003911343,0.5791433891992551,0.5329171398043256
raw_l1,0.05410691003911343,0.5865921787709497,0.5210021916908701
raw_l1,0.05541069100391134,0.5865921787709497,0.5190992136310871
raw_l1,0.05541069100391134,0.5884543761638734,0.5173216461929441
raw_l1,0.0560625814863103,0.5884543761638734,0.5170665520773803
raw_l1,0.0560625814863103,0.590316573556797,0.5165759328413817
raw_l1,0.056714471968709254,0.590316573556797,0.5144433505563668
raw_l1,0.056714471968709254,0.5996275605214153,0.5097400403970691
raw_l1,0.05736636245110821,0.5996275605214153,0.5094081191009023
raw_l1,0.05736636245110821,0.6052141527001862,0.5051352609146317
raw_l1,0.058018252933507174,0.6052141527001862,0.5049416676283356
raw_l1,0.058018252933507174,0.6201117318435754,0.4905764659735857
raw_l1,0.05867014341590613,0.6201117318435754,0.48953067353504826
raw_l1,0.05867014341590613,0.6219739292364991,0.48830516015039344
raw_l1,0.059322033898305086,0.6219739292364991,0.4844525585393667
raw_l1,0.059322033898305086,0.6238361266294227,0.48165894941425325
raw_l1,0.05997392438070404,0.6238361266294227,0.4813366525550503
raw_l1,0.05997392438070404,0.6256983240223464,0.48097396954476485
raw_l1,0.061277705345501955,0.6256983240223464,0.47756806655084777
raw_l1,0.061277705345501955,0.6368715083798883,0.47432579151946286
raw_l1,0.06192959582790091,0.6368715083798883,0.47368453217349565
raw_l1,0.06192959582790091,0.6443202979515829,0.47116996837297664
raw_l1,0.06388526727509779,0.6443202979515829,0.46871212940663315
raw_l1,0.06388526727509779,0.6536312849162011,0.46531424417992373
raw_l1,0.0651890482398957,0.6536312849162011,0.4634189630435264
raw_l1,0.0651890482398957,0.6554934823091247,0.46231620246747523
raw_l1,0.06649282920469361,0.6554934823091247,0.4605526834680123
raw_l1,0.06649282920469361,0.659217877094972,0.4586458601079659
raw_l1,0.06844850065189048,0.659217877094972,0.45743722484390115
raw_l1,0.06844850065189048,0.6722532588454376,0.45425616276173925
raw_l1,0.0697522816166884,0.6722532588454376,0.45337173349767296
raw_l1,0.0697522816166884,0.6741154562383612,0.45331328284513533
raw_l1,0.07040417209908735,0.6741154562383612,0.45189959879817737
raw_l1,0.07040417209908735,0.6778398510242085,0.4500654099634135
raw_l1,0.0710560625814863,0.6778398510242085,0.44830276798602353
raw_l1,0.0710560625814863,0.6797020484171322,0.44809230903158026
raw_l1,0.07170795306388526,0.6797020484171322,0.44668468305428616
raw_l1,0.07170795306388526,0.6815642458100558,0.4445222429899983
raw_l1,0.07235984354628422,0.6815642458100558,0.4438313083353228
raw_l1,0.07235984354628422,0.6871508379888268,0.4421384670356745
raw_l1,0.07301173402868318,0.6871508379888268,0.4419623154219157
raw_l1,0.07301173402868318,0.6890130353817505,0.44030993734653867
raw_l1,0.07366362451108213,0.6890130353817505,0.43945325457271645
raw_l1,0.07366362451108213,0.6908752327746741,0.4386200538663205
raw_l1,0.07431551499348109,0.6908752327746741,0.4376318036353995
raw_l1,0.07431551499348109,0.6945996275605214,0.4374649814987759
raw_l1,0.07496740547588006,0.6945996275605214,0.43665009123591714
raw_l1,0.07496740547588006,0.707635009310987,0.42934229116497175
raw_l1,0.07757496740547588,0.707635009310987,0.4278294418557686
raw_l1,0.07757496740547588,0.7113594040968343,0.42242025313292836
raw_l1,0.07822685788787484,0.7113594040968343,0.4198520098314595
raw_l1,0.07822685788787484,0.7188081936685289,0.41537640230913614
raw_l1,0.08083441981747067,0.7188081936685289,0.41365539444730165
raw_l1,0.08083441981747067,0.7225325884543762,0.4101384808362203
raw_l1,0.08279009126466753,0.7225325884543762,0.4092991827158149
raw_l1,0.08279009126466753,0.7243947858472998,0.40781076768697366
raw_l1,0.08539765319426336,0.7243947858472998,0.40564367675710683
raw_l1,0.08539765319426336,0.7281191806331471,0.40250421818059123
raw_l1,0.08865710560625815,0.7281191806331471,0.39899318093866526
raw_l1,0.08865710560625815,0.7318435754189944,0.3973371661118071
raw_l1,0.09126466753585398,0.7318435754189944,0.3941370295098165
raw_l1,0.09126466753585398,0.74487895716946,0.3866332723371185
raw_l1,0.09191655801825294,0.74487895716946,0.38571512967117133
raw_l1,0.09191655801825294,0.7467411545623837,0.38469806626734293
raw_l1,0.09322033898305085,0.7467411545623837,0.3812432581781917
raw_l1,0.09322033898305085,0.7486033519553073,0.3811276864199132
raw_l1,0.09582790091264667,0.7486033519553073,0.3767354043342778
raw_l1,0.09582790091264667,0.750465549348231,0.37585492474850507
raw_l1,0.09713168187744459,0.750465549348231,0.3754307044644288
raw_l1,0.09713168187744459,0.7523277467411545,0.37511849069486414
raw_l1,0.09908735332464146,0.7523277467411545,0.3694498223835173
raw_l1,0.09908735332464146,0.7541899441340782,0.3690988354703852
raw_l1,0.10104302477183832,0.7541899441340782,0.36598772668686774
raw_l1,0.10104302477183832,0.7560521415270018,0.36553815839989157
raw_l1,0.10365058670143416,0.7560521415270018,0.36332446906984267
raw_l1,0.10365058670143416,0.7597765363128491,0.36262448983668183
raw_l1,0.1075619295958279,0.7597765363128491,0.3543842064907854
raw_l1,0.1075619295958279,0.7616387337057728,0.3542708689665221
raw_l1,0.10886571056062581,0.7616387337057728,0.3533166565638832
raw_l1,0.10886571056062581,0.7635009310986964,0.35274787929523804
raw_l1,0.11603650586701435,0.7635009310986964,0.34101601904681966
raw_l1,0.11603650586701435,0.7653631284916201,0.3398771686396556
raw_l1,0.11929595827900913,0.7653631284916201,0.33626988060488444
raw_l1,0.11929595827900913,0.7690875232774674,0.333451109340557
raw_l1,0.12190352020860495,0.7690875232774674,0.3306431922656365
raw_l1,0.12190352020860495,0.770949720670391,0.33036180271872845
raw_l1,0.12451108213820078,0.770949720670391,0.32895058966740065
raw_l1,0.12451108213820078,0.7728119180633147,0.328913465564465
raw_l1,0.12777053455019557,0.7728119180633147,0.32660056138491605
raw_l1,0.12777053455019557,0.776536312849162,0.3252958972314613
raw_l1,0.12842242503259452,0.776536312849162,0.3239229596343297
raw_l1,0.12842242503259452,0.7783985102420856,0.323278730677607
raw_l1,0.1290743155149935,0.7783985102420856,0.32269701155256036
raw_l1,0.1290743155149935,0.7858472998137802,0.32002597749119616
raw_l1,0.1303780964797914,0.7858472998137802,0.31983250619235
raw_l1,0.1303780964797914,0.7877094972067039,0.318772387178364
raw_l1,0.13363754889178617,0.7877094972067039,0.3115320020360481
raw_l1,0.13363754889178617,0.7895716945996276,0.31137619955923135
raw_l1,0.13494132985658408,0.7895716945996276,0.3100309244063241
raw_l1,0.13494132985658408,0.7914338919925512,0.30820097573560784
raw_l1,0.13689700130378096,0.7914338919925512,0.3041989346460132
raw_l1,0.13689700130378096,0.7951582867783985,0.3039820391079157
raw_l1,0.13754889178617993,0.7951582867783985,0.3037611791966524
raw_l1,0.13754889178617993,0.7988826815642458,0.3026666858846214
raw_l1,0.13820078226857888,0.7988826815642458,0.30256184899779076
raw_l1,0.13820078226857888,0.8007448789571695,0.30161690605973096
raw_l1,0.1408083441981747,0.8007448789571695,0.3001542672170097
raw_l1,0.1408083441981747,0.8026070763500931,0.29993972655989515
raw_l1,0.14146023468057367,0.8026070763500931,0.2994553973376204
raw_l1,0.14146023468057367,0.8044692737430168,0.29909012567378374
raw_l1,0.14471968709256844,0.8044692737430168,0.2971282723475978
raw_l1,0.14471968709256844,0.8081936685288641,0.2962088443993917
raw_l1,0.1453715775749674,0.8081936685288641,0.29528725344437073
raw_l1,0.1453715775749674,0.8100558659217877,0.29271358147759946
raw_l1,0.15058670143415906,0.8100558659217877,0.2874442741366437
raw_l1,0.15058670143415906,0.8119180633147114,0.2867363346081067
raw_l1,0.1544980443285528,0.8119180633147114,0.2827707731657382
raw_l1,0.1544980443285528,0.813780260707635,0.2823864187754922
raw_l1,0.15840938722294653,0.813780260707635,0.27914487949156486
raw_l1,0.15840938722294653,0.8156424581005587,0.2778552412037479
raw_l1,0.16036505867014342,0.8156424581005587,0.2766204889215456
raw_l1,0.16036505867014342,0.8175046554934823,0.276018406137751
raw_l1,0.16101694915254236,0.8175046554934823,0.27571752144067074
raw_l1,0.16101694915254236,0.819366852886406,0.27509962236237195
raw_l1,0.16166883963494133,0.819366852886406,0.2748369494424363
raw_l1,0.16166883963494133,0.8212290502793296,0.27260759881959057
raw_l1,0.16492829204693613,0.8212290502793296,0.2717517369295944
raw_l1,0.16492829204693613,0.8230912476722533,0.2716805739629123
raw_l1,0.17079530638852672,0.8230912476722533,0.26708978052451443
raw_l1,0.17079530638852672,0.8268156424581006,0.2663111723961879
raw_l1,0.17796610169491525,0.8268156424581006,0.2603016702376649
raw_l1,0.17796610169491525,0.8286778398510242,0.25935983540664737
raw_l1,0.18904823989569752,0.8286778398510242,0.25158082942133425
raw_l1,0.18904823989569752,0.8305400372439479,0.25155157321738303
raw_l1,0.19035202086049544,0.8305400372439479,0.25072632699872965
raw_l1,0.19035202086049544,0.8324022346368715,0.2501083869610532
raw_l1,0.1910039113428944,0.8324022346368715,0.24970290461735267
raw_l1,0.1910039113428944,0.8342644320297952,0.24954053674679058
raw_l1,0.19947848761408082,0.8342644320297952,0.24617801292053829
raw_l1,0.19947848761408082,0.8361266294227188,0.24545056694544812
raw_l1,0.20273794002607562,0.8361266294227188,0.24312320059045223
raw_l1,0.20273794002607562,0.8379888268156425,0.2430512725908155
raw_l1,0.20925684485006518,0.8379888268156425,0.23629592056499132
raw_l1,0.20925684485006518,0.839851024208566,0.2362880487623986
raw_l1,0.2105606258148631,0.839851024208566,0.23572420552273268
raw_l1,0.2105606258148631,0.8417132216014898,0.23559838575254055
raw_l1,0.21121251629726207,0.8417132216014898,0.23519951666846736
raw_l1,0.21121251629726207,0.8435754189944135,0.23516982738417783
raw_l1,0.21251629726205998,0.8435754189944135,0.2339537038223059
raw_l1,0.21251629726205998,0.8472998137802608,0.23332782400935004
raw_l1,0.21707953063885269,0.8472998137802608,0.22983034459580076
raw_l1,0.21707953063885269,0.851024208566108,0.2285249326545275
raw_l1,0.22033898305084745,0.851024208566108,0.22655464861446273
raw_l1,0.22033898305084745,0.8528864059590316,0.2261058669593145
raw_l1,0.22099087353324642,0.8528864059590316,0.22609776994352815
raw_l1,0.22099087353324642,0.8566108007448789,0.22546859051129908
raw_l1,0.22816166883963493,0.8566108007448789,0.22154351717743123
raw_l1,0.22816166883963493,0.8584729981378026,0.2214187118700142
raw_l1,0.23142112125162972,0.8584729981378026,0.21976002433153075
raw_l1,0.23142112125162972,0.8603351955307262,0.2184068605562591
raw_l1,0.2392438070404172,0.8603351955307262,0.21243977788860052
raw_l1,0.2392438070404172,0.8621973929236499,0.21237415850420757
raw_l1,0.24315514993481094,0.8621973929236499,0.21021248296840325
raw_l1,0.24315514993481094,0.8640595903165735,0.21010023672534398
raw_l1,0.24511082138200782,0.8640595903165735,0.20868024620926987
raw_l1,0.24511082138200782,0.8659217877094972,0.20814338134888044
raw_l1,0.24967405475880053,0.8659217877094972,0.20214207204189583
raw_l1,0.24967405475880053,0.8677839851024208,0.20194697112916168
raw_l1,0.25097783572359844,0.8677839851024208,0.19936809347883555
raw_l1,0.25097783572359844,0.8696461824953445,0.19892988170820006
raw_l1,0.2529335071707953,0.8696461824953445,0.1975640105098641
raw_l1,0.2529335071707953,0.8715083798882681,0.19715955923025758
raw_l1,0.2542372881355932,0.8715083798882681,0.19629605375926898
raw_l1,0.2542372881355932,0.8733705772811918,0.19494181859221327
raw_l1,0.25488917861799215,0.8733705772811918,0.19375482001864433
raw_l1,0.25488917861799215,0.8752327746741154,0.1936793026964863
raw_l1,0.2588005215123859,0.8752327746741154,0.19155579084986282
raw_l1,0.2588005215123859,0.8770949720670391,0.19150234243594977
raw_l1,0.2685788787483703,0.8770949720670391,0.1874548016492412
raw_l1,0.2685788787483703,0.8789571694599627,0.1872817826422561
raw_l1,0.27444589308996087,0.8789571694599627,0.18419178936105543
raw_l1,0.27444589308996087,0.8808193668528864,0.1834471999893638
raw_l1,0.2816166883963494,0.8808193668528864,0.17851470206044132
raw_l1,0.2816166883963494,0.88268156424581,0.17847578299880076
raw_l1,0.2848761408083442,0.88268156424581,0.17694166184182736
raw_l1,0.2848761408083442,0.8845437616387337,0.17690646799464607
raw_l1,0.28552803129074317,0.8845437616387337,0.17625520136127887
raw_l1,0.28552803129074317,0.8864059590316573,0.17592634841911622
raw_l1,0.2894393741851369,0.8864059590316573,0.1727396127832929
raw_l1,0.2894393741851369,0.888268156424581,0.17266593621214238
raw_l1,0.2900912646675359,0.888268156424581,0.17261432459868523
raw_l1,0.2900912646675359,0.8919925512104283,0.17221625661905476
raw_l1,0.2926988265971317,0.8919925512104283,0.17156890767649122
raw_l1,0.2926988265971317,0.8938547486033519,0.17142039167692263
raw_l1,0.2953063885267275,0.8938547486033519,0.16834768208895903
raw_l1,0.2953063885267275,0.8957169459962756,0.16813699535209414
raw_l1,0.29726205997392435,0.8957169459962756,0.16561511236242532
raw_l1,0.29726205997392435,0.8975791433891993,0.16546064835667412
raw_l1,0.3076923076923077,0.8975791433891993,0.1589478942421156
raw_l1,0.3076923076923077,0.8994413407821229,0.1588355457659991
raw_l1,0.3194263363754889,0.8994413407821229,0.15327034730863168
raw_l1,0.3194263363754889,0.9013035381750466,0.15256519705327537
raw_l1,0.3200782268578879,0.9013035381750466,0.1516478403242117
raw_l1,0.3200782268578879,0.9031657355679702,0.1512331912561196
raw_l1,0.3226857887874837,0.9031657355679702,0.14887109319444022
raw_l1,0.3226857887874837,0.9050279329608939,0.1469404158904539
raw_l1,0.3318122555410691,0.9050279329608939,0.14045817197538732
raw_l1,0.3318122555410691,0.9068901303538175,0.13984190162891538
raw_l1,0.3324641460234681,0.9068901303538175,0.139827688983358
raw_l1,0.3324641460234681,0.9087523277467412,0.1395589588179123
raw_l1,0.3363754889178618,0.9087523277467412,0.13848370154191922
raw_l1,0.3363754889178618,0.9106145251396648,0.1373755962188234
raw_l1,0.3396349413298566,0.9106145251396648,0.13652327281281787
raw_l1,0.3396349413298566,0.9124767225325885,0.13631799829775568
raw_l1,0.34159061277705344,0.9124767225325885,0.13542253395523984
raw_l1,0.34159061277705344,0.9143389199255121,0.1352551396301015
raw_l1,0.34485006518904826,0.9143389199255121,0.1343349021964792
raw_l1,0.34485006518904826,0.9162011173184358,0.13412989305034864
raw_l1,0.35723598435462844,0.9162011173184358,0.12757167773591097
raw_l1,0.35723598435462844,0.9180633147113594,0.12727901149887538
raw_l1,0.36310299869621904,0.9180633147113594,0.12343477234301223
raw_l1,0.36310299869621904,0.9199255121042831,0.12342777614775122
raw_l1,0.36571056062581486,0.9199255121042831,0.12199578602920498
raw_l1,0.36571056062581486,0.9217877094972067,0.12108449275036977
raw_l1,0.3670143415906128,0.9217877094972067,0.12059771058571535
raw_l1,0.3670143415906128,0.9236499068901304,0.1202097904588479
raw_l1,0.37222946544980445,0.9236499068901304,0.11915306875165754
raw_l1,0.37222946544980445,0.925512104283054,0.11900758572318192
raw_l1,0.3728813559322034,0.925512104283054,0.11868867831039907
raw_l1,0.3728813559322034,0.9273743016759777,0.11800209979356961
raw_l1,0.3748370273794003,0.9273743016759777,0.11630972440032586
raw_l1,0.3748370273794003,0.9292364990689013,0.11628335948432399
raw_l1,0.38265971316818775,0.9292364990689013,0.11343621220630917
raw_l1,0.38265971316818775,0.931098696461825,0.11329957032975092
raw_l1,0.38396349413298564,0.931098696461825,0.11076459486193937
raw_l1,0.38396349413298564,0.9329608938547486,0.11055565124372298
raw_l1,0.3891786179921773,0.9329608938547486,0.10809741587737894
raw_l1,0.3891786179921773,0.9348230912476723,0.10785797871864007
raw_l1,0.3898305084745763,0.9348230912476723,0.10772272078874938
raw_l1,0.3898305084745763,0.9366852886405959,0.10664057695266964
raw_l1,0.394393741851369,0.9366852886405959,0.10441517863923044
raw_l1,0.394393741851369,0.9385474860335196,0.10413154889840445
raw_l1,0.3963494132985658,0.9385474860335196,0.10255532557166115
raw_l1,0.3963494132985658,0.9404096834264432,0.10213888711498394
raw_l1,0.3970013037809648,0.9404096834264432,0.1021051791187898
raw_l1,0.3970013037809648,0.9422718808193669,0.10188112699304677
raw_l1,0.39895697522816165,0.9422718808193669,0.10051565176243314
raw_l1,0.39895697522816165,0.9441340782122905,0.10005168876045689
raw_l1,0.4015645371577575,0.9441340782122905,0.09854589361896197
raw_l1,0.4015645371577575,0.9459962756052142,0.0984393520370342
raw_l1,0.409387222946545,0.9459962756052142,0.09477083791709448
raw_l1,0.409387222946545,0.9478584729981379,0.09425398973100117
raw_l1,0.41460234680573665,0.9478584729981379,0.0929098578921497
raw_l1,0.41460234680573665,0.9497206703910615,0.0927057269441851
raw_l1,0.4152542372881356,0.9497206703910615,0.09254139316624446
raw_l1,0.4152542372881356,0.9515828677839852,0.09252302653477483
raw_l1,0.4172099087353325,0.9515828677839852,0.0921928224504926
raw_l1,0.4172099087353325,0.9534450651769087,0.09198944695609694
raw_l1,0.42242503259452413,0.9534450651769087,0.08939705198037042
raw_l1,0.42242503259452413,0.9553072625698324,0.08927172591513137
raw_l1,0.4256844850065189,0.9553072625698324,0.0887619550675595
raw_l1,0.4256844850065189,0.957169459962756,0.08866833119836985
raw_l1,0.439374185136897,0.957169459962756,0.08274695307156177
raw_l1,0.439374185136897,0.9590316573556797,0.0826294977827093
raw_l1,0.4602346805736636,0.9590316573556797,0.07409354532289528
raw_l1,0.4602346805736636,0.9608938547486033,0.07404465685275473
raw_l1,0.46088657105606257,0.9608938547486033,0.07395302008344037
raw_l1,0.46088657105606257,0.962756052141527,0.07370052426930121
raw_l1,0.46153846153846156,0.962756052141527,0.0736629111679287
raw_l1,0.46153846153846156,0.9646182495344506,0.07269388316171954
raw_l1,0.46479791395045633,0.9646182495344506,0.07194074876445282
raw_l1,0.46479791395045633,0.9664804469273743,0.0718275031735385
raw_l1,0.4804432855280313,0.9664804469273743,0.06680764463546525
raw_l1,0.4804432855280313,0.9683426443202979,0.06677486017754501
raw_l1,0.48239895697522817,0.9683426443202979,0.06638533084799744
raw_l1,0.48239895697522817,0.9702048417132216,0.0663173670879791
raw_l1,0.4876140808344198,0.9702048417132216,0.06462510972358453
raw_l1,0.4876140808344198,0.9720670391061452,0.06457994813866196
raw_l1,0.516297262059974,0.9720670391061452,0.056670563333002376
raw_l1,0.516297262059974,0.9739292364990689,0.05665579774310289
raw_l1,0.5332464146023468,0.9739292364990689,0.05378938767232472
raw_l1,0.5332464146023468,0.9757914338919925,0.05371666014288453
raw_l1,0.5358539765319427,0.9757914338919925,0.05331048536926708
raw_l1,0.5358539765319427,0.9776536312849162,0.053223204508541996
raw_l1,0.5469361147327249,0.9776536312849162,0.051934443170904225
raw_l1,0.5469361147327249,0.9795158286778398,0.05190680290357625
raw_l1,0.6114732724902217,0.9795158286778398,0.039451542790738425
raw_l1,0.6114732724902217,0.9813780260707635,0.03891158902472434
raw_l1,0.6134289439374185,0.9813780260707635,0.038433108776241495
raw_l1,0.6134289439374185,0.9832402234636871,0.038393179418009765
raw_l1,0.696870925684485,0.9832402234636871,0.025873202463512535
raw_l1,0.696870925684485,0.9851024208566108,0.02566409936435273
raw_l1,0.7516297262059974,0.9851024208566108,0.020646035038504054
raw_l1,0.7516297262059974,0.9869646182495344,0.020597955142861724
raw_l1,0.7522816166883963,0.9869646182495344,0.020571725615458225
raw_l1,0.7522816166883963,0.9888268156424581,0.02056569128076386
raw_l1,0.8272490221642764,0.9888268156424581,0.012951694220153425
raw_l1,0.8272490221642764,0.9906890130353817,0.012882689580815166
raw_l1,0.8520208604954368,0.9906890130353817,0.01039080209299512
raw_l1,0.8520208604954368,0.9925512104283054,0.010352666101799997
raw_l1,0.8559322033898306,0.9925512104283054,0.01005130905103007
raw_l1,0.8559322033898306,0.994413407821229,0.010044197975007945
raw_l1,0.8585397653194263,0.994413407821229,0.009978418739021609
raw_l1,0.8585397653194263,0.9962756052141527,0.009911051809568002
raw_l1,0.8663624511082139,0.9962756052141527,0.008804034471383792
raw_l1,0.8663624511082139,0.9981378026070763,0.008747225638807912
raw_l1,0.8865710560625815,0.9981378026070763,0.006037133338360416
raw_l1,0.8865710560625815,1.0,0.006023172312996416
raw_l1,1.0,1.0,5.0192109727100144e-05
sklearn_rectified,0.0,0.0,inf
sklearn_rectified,0.0,0.00186219739292365,0.9997931790888659
sklearn_rectified,0.0,0.0037243947858473,0.999508121372169
sklearn_rectified,0.0,0.0074487895716946,0.9992737487190861
sklearn_rectified,0.0,0.01303538175046555,0.9988967668298215
sklearn_rectified,0.0,0.020484171322160148,0.998351805680581
sklearn_rectified,0.0,0.035381750465549346,0.9978770367597779
sklearn_rectified,0.0,0.03910614525139665,0.997865005504737
sklearn_rectified,0.0,0.040968342644320296,0.9977972954832757
sklearn_rectified,0.0,0.0446927374301676,0.9977808156044933
sklearn_rectified,0.0,0.048417132216014895,0.9977133157345713
sklearn_rectified,0.0,0.0521415270018622,0.9976761115122805
sklearn_rectified,0.0,0.054003724394785846,0.9976249442841234
sklearn_rectified,0.0,0.05772811918063315,0.9975764108509975
sklearn_rectified,0.0,0.09869646182495345,0.9970025659715442
sklearn_rectified,0.0,0.10614525139664804,0.9969450688683215
sklearn_rectified,0.0,0.10800744878957169,0.9969141472236206
sklearn_rectified,0.0,0.11173184357541899,0.9968928339952505
sklearn_rectified,0.0,0.12476722532588454,0.9967833683837146
sklearn_rectified,0.0,0.9199255121042831,0.9967655535696354
sklearn_rectified,0.0,0.9236499068901304,0.9967579476761967
sklearn_rectified,0.0,0.925512104283054,0.9967566548023133
sklearn_rectified,0.0,0.9292364990689013,0.9967427090038751
sklearn_rectified,0.0,0.931098696461825,0.9967320570413905
sklearn_rectified,0.0,0.9348230912476723,0.9967262466999531
sklearn_rectified,0.0,0.9608938547486033,0.9961190262579166
sklearn_rectified,0.0,0.9646182495344506,0.9960385496426376
sklearn_rectified,0.0,0.9925512104283054,0.9583692703832802
sklearn_rectified,0.009126466753585397,0.9925512104283054,0.0325281773078809
sklearn_rectified,0.011734028683181226,0.994413407821229,0.03089021171504241
sklearn_rectified,0.01564537157757497,0.994413407821229,0.024330518032266504
sklearn_rectified,0.029335071707953065,1.0,0.02415554210455901
sklearn_rectified,0.030638852672750978,1.0,0.02393182972697025
sklearn_rectified,0.033246414602346806,1.0,0.022935384417845456
sklearn_rectified,0.03455019556714472,1.0,0.022427272747194756
sklearn_rectified,0.039765319426336376,1.0,0.02098604150669164
sklearn_rectified,0.04106910039113429,1.0,0.02092924219977639
sklearn_rectified,0.04432855280312908,1.0,0.02091955651797428
sklearn_rectified,0.04563233376792699,1.0,0.020712932633556794
sklearn_rectified,0.056714471968709254,1.0,0.01117990884900939
sklearn_rectified,0.059322033898305086,1.0,0.010452442679080146
sklearn_rectified,0.061277705345501955,1.0,0.009317804764606826
sklearn_rectified,0.06453715775749674,1.0,0.008821166880217333
sklearn_rectified,0.06714471968709257,1.0,0.008638610056972997
sklearn_rectified,0.07366362451108213,1.0,0.006642482632323659
sklearn_rectified,0.07496740547588006,1.0,0.005737750660762421
sklearn_rectified,0.0788787483702738,1.0,0.005062291436125414
sklearn_rectified,0.08018252933507171,1.0,0.004946813378317499
sklearn_rectified,0.08148631029986962,1.0,0.004875838132220351
sklearn_rectified,0.08344198174706649,1.0,0.00477810676615682
sklearn_rectified,0.08604954367666232,1.0,0.0041830327411858746
sklearn_rectified,0.0880052151238592,1.0,0.003762222049209558
sklearn_rectified,0.08996088657105607,1.0,0.0037400168502333803
sklearn_rectified,0.09256844850065189,1.0,0.003650746266077219
sklearn_rectified,0.09778357235984354,1.0,0.0035077458739934766
sklearn_rectified,0.1016949152542373,1.0,0.003497430723851331
sklearn_rectified,0.10299869621903521,1.0,0.003412082738339316
sklearn_rectified,0.10430247718383312,1.0,0.0033562075616371282
sklearn_rectified,0.10495436766623208,1.0,0.0033028589884713418
sklearn_rectified,0.10625814863102999,1.0,0.003214327607784804
sklearn_rectified,0.11277705345501955,1.0,0.002577268471732156
sklearn_rectified,0.11473272490221642,1.0,0.002478619584947626
sklearn_rectified,0.11929595827900913,1.0,0.0022798504353961978
sklearn_rectified,0.12320730117340287,1.0,0.0022754151269310506
sklearn_rectified,0.1271186440677966,1.0,0.00220094569484604
sklearn_rectified,0.12842242503259452,1.0,0.002167745754519432
sklearn_rectified,0.1290743155149935,1.0,0.0021125163383231864
sklearn_rectified,0.1316818774445893,1.0,0.002085145635711731
sklearn_rectified,0.13233376792698825,1.0,0.0020178248701627254
sklearn_rectified,0.13363754889178617,1.0,0.0020158951157986946
sklearn_rectified,0.13428943937418514,1.0,0.001989651815119003
sklearn_rectified,0.13820078226857888,1.0,0.001947554869250138
sklearn_rectified,0.1395045632333768,1.0,0.0018966168351818276
sklearn_rectified,0.14146023468057367,1.0,0.0018875502156665961
sklearn_rectified,0.1440677966101695,1.0,0.0017993760986736596
sklearn_rectified,0.15058670143415906,1.0,0.001773148821142132
sklearn_rectified,0.15254237288135594,1.0,0.0017173130028176496
sklearn_rectified,0.15971316818774445,1.0,0.0017058968708768185
sklearn_rectified,0.16036505867014342,1.0,0.0016738644333593063
sklearn_rectified,0.16427640156453716,1.0,0.0016735479964190678
sklearn_rectified,0.16623207301173404,1.0,0.001635976706891299
sklearn_rectified,0.17014341590612778,1.0,0.0016234028646414668
sklearn_rectified,0.1714471968709257,1.0,0.0015980862721963881
sklearn_rectified,0.1727509778357236,1.0,0.0015882665801386887
sklearn_rectified,0.17470664928292046,1.0,0.0015773682116648645
sklearn_rectified,0.17666232073011734,1.0,0.001575537475394769
sklearn_rectified,0.18122555410691005,1.0,0.0015660943042239202
sklearn_rectified,0.1897001303780965,1.0,0.0014166240756904838
sklearn_rectified,0.1910039113428944,1.0,0.001411166921473767
sklearn_rectified,0.19165580182529335,1.0,0.0013846030219179324
sklearn_rectified,0.19295958279009126,1.0,0.0013644915681171204
sklearn_rectified,0.196870925684485,1.0,0.001258667549881148
sklearn_rectified,0.1981747066492829,1.0,0.001257284106118466
sklearn_rectified,0.2001303780964798,1.0,0.00120088674908404
sklearn_rectified,0.20208604954367665,1.0,0.0011964991059438576
sklearn_rectified,0.20273794002607562,1.0,0.0011792638175698673
sklearn_rectified,0.20404172099087353,1.0,0.0011769147727582368
sklearn_rectified,0.20730117340286833,1.0,0.001107295721295803
sklearn_rectified,0.20990873533246415,1.0,0.0011025606875947809
sklearn_rectified,0.2151238591916558,1.0,0.0010151899757704873
sklearn_rectified,0.21642764015645372,1.0,0.0010075079255014755
sklearn_rectified,0.21903520208604954,1.0,0.0009649612313494868
sklearn_rectified,0.22099087353324642,1.0,0.0009422683913419977
sklearn_rectified,0.22685788787483702,1.0,0.000798925513818997
sklearn_rectified,0.2288135593220339,1.0,0.0007805992589632493
sklearn_rectified,0.2320730117340287,1.0,0.0007448528564454349
sklearn_rectified,0.2333767926988266,1.0,0.0007279371349902169
sklearn_rectified,0.23859191655801826,1.0,0.0007060635866410364
sklearn_rectified,0.2405475880052151,1.0,0.0006913962806517305
sklearn_rectified,0.24119947848761408,1.0,0.000689787286656137
sklearn_rectified,0.24445893089960888,1.0,0.0006788232675302018
sklearn_rectified,0.24641460234680573,1.0,0.0006511494983010563
sklearn_rectified,0.24837027379400262,1.0,0.0006507987799298829
sklearn_rectified,0.2529335071707953,1.0,0.0006056932780050644
sklearn_rectified,0.2561929595827901,1.0,0.0005888307027947013
sklearn_rectified,0.25749674054758803,1.0,0.0005859038498466404
sklearn_rectified,0.25945241199478486,1.0,0.0005266583913822033
sklearn_rectified,0.26140808344198174,1.0,0.0005233913597068157
sklearn_rectified,0.2627118644067797,1.0,0.0005198494501886942
sklearn_rectified,0.26792698826597133,1.0,0.00047642572979710073
sklearn_rectified,0.27183833116036504,1.0,0.0004695172556653131
sklearn_rectified,0.2777053455019557,1.0,0.00042426972222860506
sklearn_rectified,0.28292046936114734,1.0,0.0004138109337325938
sklearn_rectified,0.2842242503259452,1.0,0.00040781680696459944
sklearn_rectified,0.2894393741851369,1.0,0.0004050694518599741
sklearn_rectified,0.2900912646675359,1.0,0.0004022781630688403
sklearn_rectified,0.29335071707953064,1.0,0.0004022781630688346
sklearn_rectified,0.2953063885267275,1.0,0.00038875089380904505
sklearn_rectified,0.29726205997392435,1.0,0.0003866414839347424
sklearn_rectified,0.2985658409387223,1.0,0.0003739298286293916
sklearn_rectified,0.29986962190352023,1.0,0.0003690416190223398
sklearn_rectified,0.303129074315515,1.0,0.0003642185648733063
sklearn_rectified,0.3044328552803129,1.0,0.000363508126669918
sklearn_rectified,0.3057366362451108,1.0,0.0003434221650096879
sklearn_rectified,0.3076923076923077,1.0,0.0003416252627678441
sklearn_rectified,0.30834419817470665,1.0,0.00033861281397040314
sklearn_rectified,0.30964797913950454,1.0,0.0003373982896829457
sklearn_rectified,0.31029986962190353,1.0,0.0003357485144209598
sklearn_rectified,0.3122555410691004,1.0,0.00033541123068081313
sklearn_rectified,0.3161668839634941,1.0,0.00029736570962188367
sklearn_rectified,0.31747066492829207,1.0,0.0002966056271827081
sklearn_rectified,0.3246414602346806,1.0,0.00026509709300475835
sklearn_rectified,0.3259452411994785,1.0,0.0002619206153332002
sklearn_rectified,0.3272490221642764,1.0,0.0002513303743185065
sklearn_rectified,0.3285528031290743,1.0,0.00025062990177333156
sklearn_rectified,0.3363754889178618,1.0,0.0002500187497289305
sklearn_rectified,0.3376792698826597,1.0,0.00024509146798255404
sklearn_rectified,0.3428943937418514,1.0,0.00024220164398568866
sklearn_rectified,0.34876140808344197,1.0,0.00022430094124287813
sklearn_rectified,0.35071707953063885,1.0,0.00022430094124287772
sklearn_rectified,0.35267275097783574,1.0,0.00022025492129408678
sklearn_rectified,0.3546284224250326,1.0,0.00021792392925261273
sklearn_rectified,0.35919165580182527,1.0,0.00020667504154749604
sklearn_rectified,0.3617992177314211,1.0,0.00020608473502144016
sklearn_rectified,0.3650586701434159,1.0,0.00019692658257376618
sklearn_rectified,0.3663624511082138,1.0,0.00019517573297945238
sklearn_rectified,0.3670143415906128,1.0,0.00019325337676801476
sklearn_rectified,0.3683181225554107,1.0,0.0001918514724728943
sklearn_rectified,0.3709256844850065,1.0,0.0001859993349457796
sklearn_rectified,0.3741851368970013,1.0,0.00018579373363176597
sklearn_rectified,0.37614080834419816,1.0,0.00018558072151740092
sklearn_rectified,0.38722294654498046,1.0,0.00018558072151739896
sklearn_rectified,0.3878748370273794,1.0,0.00018469244923356544
sklearn_rectified,0.3891786179921773,1.0,0.00018463932163957116
sklearn_rectified,0.3917861799217731,1.0,0.00018341923754617464
sklearn_rectified,0.39504563233376794,1.0,0.00018042690307119622
sklearn_rectified,0.39765319426336376,1.0,0.0001788008770199473
sklearn_rectified,0.40221642764015647,1.0,0.00017244973286568044
sklearn_rectified,0.408735332464146,1.0,0.00017196454218195163
sklearn_rectified,0.4132985658409387,1.0,0.00016503573249839384
sklearn_rectified,0.43546284224250326,1.0,0.0001645509617017198
sklearn_rectified,0.4380704041720991,1.0,0.0001643990865952199
sklearn_rectified,0.4406779661016949,1.0,0.00016283945599109177
sklearn_rectified,0.44328552803129073,1.0,0.00016268096518137515
sklearn_rectified,0.44654498044328556,1.0,0.00014856691217264443
sklearn_rectified,0.44784876140808344,1.0,0.00014285266685774343
sklearn_rectified,0.45241199478487615,1.0,0.00011809198565018233
sklearn_rectified,0.45371577574967403,1.0,0.0001152262272993709
sklearn_rectified,0.455019556714472,1.0,0.00010717836507414711
sklearn_rectified,0.46088657105606257,1.0,0.00010367490541998966
sklearn_rectified,0.4621903520208605,1.0,9.701826929709447e-05
sklearn_rectified,0.4661016949152542,1.0,2.5581964364250184e-06
sklearn_rectified,0.46740547588005216,1.0,2.235719812178489e-06
sklearn_rectified,0.4680573663624511,1.0,9.740042594706894e-07
sklearn_rectified,0.46936114732724904,1.0,8.484453718882622e-07
sklearn_rectified,0.47522816166883963,1.0,2.576985980410097e-07
sklearn_rectified,0.4765319426336376,1.0,2.482674237975925e-07
sklearn_rectified,0.485006518904824,1.0,1.605121366514095e-07
sklearn_rectified,0.48826597131681876,1.0,1.5673984070079865e-07
sklearn_rectified,0.49608865710560623,1.0,1.310330401904913e-07
sklearn_rectified,0.4973924380704042,1.0,1.27627462882006e-07
sklearn_rectified,0.5221642764015645,1.0,5.781340578515171e-08
sklearn_rectified,0.5234680573663625,1.0,5.719149810484715e-08
sklearn_rectified,0.5254237288135594,1.0,5.64830094645258e-08
sklearn_rectified,0.5273794002607562,1.0,5.532182160581696e-08
sklearn_rectified,0.5423728813559322,1.0,3.814690448347262e-08
sklearn_rectified,0.5436766623207301,1.0,3.77310271653245e-08
sklearn_rectified,0.5443285528031291,1.0,3.7626264528145014e-08
sklearn_rectified,0.545632333767927,1.0,3.700023012538094e-08
sklearn_rectified,0.5482398956975228,1.0,3.391811218914154e-08
sklearn_rectified,0.5495436766623207,1.0,3.3252540417067084e-08
sklearn_rectified,0.5514993481095176,1.0,3.285489387290154e-08
sklearn_rectified,0.5554106910039114,1.0,3.254981789820566e-08
sklearn_rectified,0.5717079530638852,1.0,2.287142290705113e-08
sklearn_rectified,0.5730117340286832,1.0,2.2741090856053015e-08
sklearn_rectified,0.5736636245110821,1.0,2.254607242004637e-08
sklearn_rectified,0.5749674054758801,1.0,2.2223577351979623e-08
sklearn_rectified,0.576271186440678,1.0,2.1205081334089547e-08
sklearn_rectified,0.5775749674054759,1.0,2.0136540781348245e-08
sklearn_rectified,0.5932203389830508,1.0,1.50081258289119e-08
sklearn_rectified,0.5964797913950456,1.0,1.4909277102457393e-08
sklearn_rectified,0.6114732724902217,1.0,1.05826515045427e-08
sklearn_rectified,0.6127770534550195,1.0,1.0406543319911341e-08
sklearn_rectified,0.621903520208605,1.0,8.360465898087202e-09
sklearn_rectified,0.6232073011734028,1.0,8.328404343937545e-09
sklearn_rectified,0.6251629726205997,1.0,7.3923135721656396e-09
sklearn_rectified,0.6264667535853976,1.0,6.611178132322539e-09
sklearn_rectified,0.6271186440677966,1.0,6.505720981069054e-09
sklearn_rectified,0.6284224250325945,1.0,6.395775718575018e-09
sklearn_rectified,0.6303780964797914,1.0,5.661401180053231e-09
sklearn_rectified,0.6316818774445893,1.0,5.523624262787706e-09
sklearn_rectified,0.6375488917861799,1.0,4.616693422516807e-09
sklearn_rectified,0.6395045632333768,1.0,4.615120925994843e-09
sklearn_rectified,0.6414602346805737,1.0,4.360015467765989e-09
sklearn_rectified,0.6427640156453716,1.0,4.1974910465572475e-09
sklearn_rectified,0.6479791395045632,1.0,3.478340501707837e-09
sklearn_rectified,0.6499348109517601,1.0,3.4608878956554015e-09
sklearn_rectified,0.6505867014341591,1.0,3.32292534131015e-09
sklearn_rectified,0.651890482398957,1.0,3.3109707234615367e-09
sklearn_rectified,0.6551499348109517,1.0,3.213949464308013e-09
sklearn_rectified,0.6564537157757496,1.0,3.204931723820322e-09
sklearn_rectified,0.6584093872229465,1.0,2.9093512798277574e-09
sklearn_rectified,0.6597131681877445,1.0,2.8917206202600688e-09
sklearn_rectified,0.6603650586701434,1.0,2.8566905219328996e-09
sklearn_rectified,0.6616688396349413,1.0,2.7476112996082363e-09
sklearn_rectified,0.6675358539765319,1.0,2.559200755346035e-09
sklearn_rectified,0.6688396349413298,1.0,2.53722653670749e-09
sklearn_rectified,0.6727509778357236,1.0,2.34977748536587e-09
sklearn_rectified,0.6740547588005215,1.0,2.3494911506537492e-09
sklearn_rectified,0.6773142112125163,1.0,2.248515435457935e-09
sklearn_rectified,0.6792698826597132,1.0,2.2470185344779135e-09
sklearn_rectified,0.6831812255541069,1.0,2.2000225110277477e-09
sklearn_rectified,0.6844850065189049,1.0,2.185375668715908e-09
sklearn_rectified,0.6851368970013038,1.0,2.1710889070931385e-09
sklearn_rectified,0.6864406779661016,1.0,2.1708414972149064e-09
sklearn_rectified,0.6942633637548892,1.0,1.644045375729592e-09
sklearn_rectified,0.6955671447196871,1.0,1.6436021552204724e-09
sklearn_rectified,0.7079530638852672,1.0,1.2750843198830517e-09
sklearn_rectified,0.7099087353324641,1.0,1.2720590004472462e-09
sklearn_rectified,0.7105606258148631,1.0,1.2662246814923227e-09
sklearn_rectified,0.71251629726206,1.0,1.2585292397693545e-09
sklearn_rectified,0.7170795306388527,1.0,1.1699178830318985e-09
sklearn_rectified,0.7183833116036505,1.0,1.167148299268092e-09
sklearn_rectified,0.7203389830508474,1.0,1.1183855778046307e-09
sklearn_rectified,0.7229465449804433,1.0,1.115890913960014e-09
sklearn_rectified,0.7262059973924381,1.0,1.0630019869819382e-09
sklearn_rectified,0.727509778357236,1.0,1.056371414294943e-09
sklearn_rectified,0.7294654498044328,1.0,1.044586141278728e-09
sklearn_rectified,0.7307692307692307,1.0,1.0369912986623592e-09
sklearn_rectified,0.7333767926988266,1.0,1.0150456632550676e-09
sklearn_rectified,0.7346805736636245,1.0,1.009945356874243e-09
sklearn_rectified,0.7359843546284224,1.0,1.0082734031776155e-09
sklearn_rectified,0.7372881355932204,1.0,9.952608214208401e-10
sklearn_rectified,0.7385919165580183,1.0,9.581513715324997e-10
sklearn_rectified,0.7398956975228161,1.0,9.532813518606587e-10
sklearn_rectified,0.7405475880052151,1.0,9.529175184291255e-10
sklearn_rectified,0.741851368970013,1.0,9.504601844655581e-10
sklearn_rectified,0.7438070404172099,1.0,9.447545528000408e-10
sklearn_rectified,0.7464146023468058,1.0,9.009093596777061e-10
sklearn_rectified,0.7496740547588006,1.0,8.952502049840607e-10
sklearn_rectified,0.7503259452411994,1.0,8.607600024009981e-10
sklearn_rectified,0.7516297262059974,1.0,8.552014778088222e-10
sklearn_rectified,0.7542372881355932,1.0,7.085791564619592e-10
sklearn_rectified,0.7555410691003911,1.0,6.829454205081096e-10
sklearn_rectified,0.7561929595827901,1.0,6.765570380037115e-10
sklearn_rectified,0.758800521512386,1.0,6.751830024679296e-10
sklearn_rectified,0.7620599739243807,1.0,6.220392917721772e-10
sklearn_rectified,0.7633637548891786,1.0,6.177005041345415e-10
sklearn_rectified,0.7672750977835724,1.0,5.868089660974616e-10
sklearn_rectified,0.7685788787483703,1.0,5.806752757352181e-10
sklearn_rectified,0.7705345501955672,1.0,5.790574048569202e-10
sklearn_rectified,0.771838331160365,1.0,5.785228661071686e-10
sklearn_rectified,0.7731421121251629,1.0,5.575281908584239e-10
sklearn_rectified,0.7744458930899609,1.0,5.475069123909765e-10
sklearn_rectified,0.7822685788787483,1.0,4.198520841757509e-10
sklearn_rectified,0.7835723598435462,1.0,4.099663982532235e-10
sklearn_rectified,0.78748370273794,1.0,3.726060118855362e-10
sklearn_rectified,0.788787483702738,1.0,3.713703445357334e-10
sklearn_rectified,0.7985658409387223,1.0,2.7196637301373847e-10
sklearn_rectified,0.7998696219035202,1.0,2.7129853191383476e-10
sklearn_rectified,0.8018252933507171,1.0,2.5035519332945385e-10
sklearn_rectified,0.803129074315515,1.0,2.496320911180128e-10
sklearn_rectified,0.8037809647979139,1.0,2.450426455243751e-10
sklearn_rectified,0.8083441981747066,1.0,2.440764352610138e-10
sklearn_rectified,0.8096479791395046,1.0,2.4294452465598436e-10
sklearn_rectified,0.8116036505867015,1.0,2.4239385467603475e-10
sklearn_rectified,0.8148631029986962,1.0,2.2108564764864147e-10
sklearn_rectified,0.8168187744458931,1.0,2.2108564764863987e-10
sklearn_rectified,0.8213820078226858,1.0,1.7871941877644235e-10
sklearn_rectified,0.8226857887874837,1.0,1.704912181674477e-10
sklearn_rectified,0.8259452411994785,1.0,1.5039137106617115e-10
sklearn_rectified,0.8272490221642764,1.0,1.3634244078723123e-10
sklearn_rectified,0.8279009126466753,1.0,1.3540254200693123e-10
sklearn_rectified,0.8298565840938722,1.0,1.35129112407569e-10
sklearn_rectified,0.833116036505867,1.0,1.164068158935128e-10
sklearn_rectified,0.8350717079530638,1.0,1.119263041471582e-10
sklearn_rectified,0.8363754889178618,1.0,9.912707669145464e-11
sklearn_rectified,0.8552803129074316,1.0,3.075033577366846e-13
sklearn_rectified,0.8565840938722294,1.0,2.9732339970001453e-13
sklearn_rectified,0.8820078226857888,1.0,6.553363512136781e-14
sklearn_rectified,0.8833116036505867,1.0,6.281235109447783e-14
sklearn_rectified,0.9022164276401564,1.0,1.633852811122603e-14
sklearn_rectified,0.9035202086049544,1.0,1.6275247531387117e-14
sklearn_rectified,0.9139504563233377,1.0,9.887276902063694e-15
sklearn_rectified,0.9152542372881356,1.0,9.390767407423548e-15
sklearn_rectified,0.9165580182529335,1.0,8.477018008578194e-15
sklearn_rectified,0.9178617992177314,1.0,8.034874968531379e-15
sklearn_rectified,0.9348109517601043,1.0,2.7871321134863814e-15
sklearn_rectified,0.9361147327249022,1.0,2.7829268272015236e-15
sklearn_rectified,0.939374185136897,1.0,2.4584535704249918e-15
sklearn_rectified,0.940677966101695,1.0,2.4084827218043213e-15
sklearn_rectified,0.9589308996088657,1.0,7.214107757177357e-16
sklearn_rectified,0.9608865710560626,1.0,6.969835266002343e-16
sklearn_rectified,0.9628422425032594,1.0,5.910015490674603e-16
sklearn_rectified,0.9654498044328553,1.0,5.708395955408048e-16
sklearn_rectified,1.0,1.0,8.122210349624422e-25
sklearn_raw,0.0,0.0,inf
sklearn_raw,0.0,0.00186219739292365,0.9899704996834705
sklearn_raw,0.0,0.08379888268156424,0.9374027980787464
sklearn_raw,0.000651890482398957,0.08379888268156424,0.9357973626051033
sklearn_raw,0.000651890482398957,0.0856610800744879,0.9356863291385447
sklearn_raw,0.001303780964797914,0.0856610800744879,0.9349081406678371
sklearn_raw,0.001303780964797914,0.0893854748603352,0.9330644330951829
sklearn_raw,0.001955671447196871,0.0893854748603352,0.9325601303596174
sklearn_raw,0.001955671447196871,0.10614525139664804,0.9248473680180439
sklearn_raw,0.002607561929595828,0.10614525139664804,0.9242169294145057
sklearn_raw,0.002607561929595828,0.11173184357541899,0.9185955038960828
sklearn_raw,0.003259452411994785,0.11173184357541899,0.9176724623671686
sklearn_raw,0.003259452411994785,0.11359404096834265,0.9156982193165073
sklearn_raw,0.005215123859191656,0.11359404096834265,0.9050067948080481
sklearn_raw,0.005215123859191656,0.12476722532588454,0.8963229823231467
sklearn_raw,0.005867014341590613,0.12476722532588454,0.8956214079112633
sklearn_raw,0.005867014341590613,0.1266294227188082,0.895280950896929
sklearn_raw,0.007170795306388526,0.1266294227188082,0.8932268827155155
sklearn_raw,0.007170795306388526,0.1378026070763501,0.8873959469545344
sklearn_raw,0.007822685788787484,0.1378026070763501,0.8869478516194376
sklearn_raw,0.007822685788787484,0.14152700186219738,0.8847490673022403
sklearn_raw,0.00847457627118644,0.14152700186219738,0.8837085687432457
sklearn_raw,0.00847457627118644,0.148975791433892,0.8800609364461981
sklearn_raw,0.009126466753585397,0.148975791433892,0.8791847156806427
sklearn_raw,0.009126466753585397,0.1527001862197393,0.8781668191224867
sklearn_raw,0.010430247718383311,0.1527001862197393,0.874770346931025
sklearn_raw,0.010430247718383311,0.15456238361266295,0.8743848636456448
sklearn_raw,0.01108213820078227,0.15456238361266295,0.8725081712783285
sklearn_raw,0.01108213820078227,0.16201117318435754,0.8681608690689778
sklearn_raw,0.012385919165580182,0.16201117318435754,0.8622257048056018
sklearn_raw,0.012385919165580182,0.16759776536312848,0.8569698662839333
sklearn_raw,0.014341590612777053,0.16759776536312848,0.8507880317606471
sklearn_raw,0.014341590612777053,0.17318435754189945,0.8484308114333537
sklearn_raw,0.01499348109517601,0.17318435754189945,0.8468247964344863
sklearn_raw,0.01499348109517601,0.1824953445065177,0.8405632025363429
sklearn_raw,0.01564537157757497,0.1824953445065177,0.8397680654845354
sklearn_raw,0.01564537157757497,0.18435754189944134,0.8382769367834173
sklearn_raw,0.016297262059973925,0.18435754189944134,0.8369597189552235
sklearn_raw,0.016297262059973925,0.1973929236499069,0.8284075785351237
sklearn_raw,0.01694915254237288,0.1973929236499069,0.8259685114901234
sklearn_raw,0.01694915254237288,0.2011173184357542,0.8238585212567939
sklearn_raw,0.017601043024771838,0.2011173184357542,0.8234919475005767
sklearn_raw,0.017601043024771838,0.22905027932960895,0.8049020120307696
sklearn_raw,0.018252933507170794,0.22905027932960895,0.8015988301916307
sklearn_raw,0.018252933507170794,0.24022346368715083,0.7889357494665584
sklearn_raw,0.018904823989569754,0.24022346368715083,0.7874054084989403
sklearn_raw,0.018904823989569754,0.24953445065176907,0.780047860075591
sklearn_raw,0.01955671447196871,0.24953445065176907,0.7779614310898824
sklearn_raw,0.01955671447196871,0.2718808193668529,0.7548841741522127
sklearn_raw,0.020860495436766623,0.2718808193668529,0.7532148446574295
sklearn_raw,0.020860495436766623,0.2756052141527002,0.7497228787775956
sklearn_raw,0.02151238591916558,0.2756052141527002,0.7496981215192651
sklearn_raw,0.02151238591916558,0.2811918063314711,0.7466215987119645
sklearn_raw,0.02216427640156454,0.2811918063314711,0.7460225243024218
sklearn_raw,0.02216427640156454,0.2849162011173184,0.7441658888728848
sklearn_raw,0.022816166883963495,0.2849162011173184,0.742851954640172
sklearn_raw,0.022816166883963495,0.30353817504655495,0.7337296982970781
sklearn_raw,0.02346805736636245,0.30353817504655495,0.7332617886450346
sklearn_raw,0.02346805736636245,0.3091247672253259,0.7305209725284276
sklearn_raw,0.024119947848761408,0.3091247672253259,0.7296627057400571
sklearn_raw,0.024119947848761408,0.31098696461824954,0.7291561882738709
sklearn_raw,0.024771838331160364,0.31098696461824954,0.7291373008246381
sklearn_raw,0.024771838331160364,0.3165735567970205,0.7228297037038873
sklearn_raw,0.025423728813559324,0.3165735567970205,0.722703899182297
sklearn_raw,0.025423728813559324,0.3240223463687151,0.7196240488348132
sklearn_raw,0.02607561929595828,0.3240223463687151,0.7194532512913667
sklearn_raw,0.02607561929595828,0.329608938547486,0.7185781268030259
sklearn_raw,0.026727509778357236,0.329608938547486,0.7168633401230488
sklearn_raw,0.026727509778357236,0.33147113594040967,0.7166217474932838
sklearn_raw,0.027379400260756193,0.33147113594040967,0.7142324036154966
sklearn_raw,0.027379400260756193,0.3333333333333333,0.7130875941581825
sklearn_raw,0.02803129074315515,0.3333333333333333,0.7121499957748848
sklearn_raw,0.02803129074315515,0.33891992551210426,0.7095773831090675
sklearn_raw,0.028683181225554105,0.33891992551210426,0.7052044454993825
sklearn_raw,0.028683181225554105,0.3538175046554935,0.701065882146775
sklearn_raw,0.029335071707953065,0.3538175046554935,0.7010488204726516
sklearn_raw,0.029335071707953065,0.37243947858473,0.6936179257436167
sklearn_raw,0.02998696219035202,0.37243947858473,0.6933257337308545
sklearn_raw,0.02998696219035202,0.3780260707635009,0.6920831390712358
sklearn_raw,0.030638852672750978,0.3780260707635009,0.6912834795113618
sklearn_raw,0.030638852672750978,0.37988826815642457,0.691165611904242
sklearn_raw,0.03129074315514994,0.37988826815642457,0.6906160376763386
sklearn_raw,0.03129074315514994,0.38733705772811916,0.6881939542913521
sklearn_raw,0.031942633637548894,0.38733705772811916,0.6875590625532578
sklearn_raw,0.031942633637548894,0.3891992551210428,0.6862089013105585
sklearn_raw,0.033246414602346806,0.3891992551210428,0.6855041705638043
sklearn_raw,0.033246414602346806,0.3985102420856611,0.6802057001841822
sklearn_raw,0.03389830508474576,0.3985102420856611,0.6791437902335292
sklearn_raw,0.03389830508474576,0.4134078212290503,0.6667029048627208
sklearn_raw,0.03455019556714472,0.4134078212290503,0.6661704687187011
sklearn_raw,0.03455019556714472,0.4208566108007449,0.6626717155634462
sklearn_raw,0.03585397653194263,0.4208566108007449,0.6613177049078132
sklearn_raw,0.03585397653194263,0.4227188081936685,0.6610324155000395
sklearn_raw,0.03650586701434159,0.4227188081936685,0.6601932602037863
sklearn_raw,0.03650586701434159,0.4245810055865922,0.659329878285122
sklearn_raw,0.037157757496740544,0.4245810055865922,0.6586992296307383
sklearn_raw,0.037157757496740544,0.43575418994413406,0.6498673859035304
sklearn_raw,0.03780964797913951,0.43575418994413406,0.6478996619239553
sklearn_raw,0.03780964797913951,0.43947858472998136,0.6473375175426233
sklearn_raw,0.038461538461538464,0.43947858472998136,0.6461468520956339
sklearn_raw,0.038461538461538464,0.4450651769087523,0.6438869569391473
sklearn_raw,0.03911342894393742,0.4450651769087523,0.642984543819237
sklearn_raw,0.03911342894393742,0.46368715083798884,0.6364202562914143
sklearn_raw,0.039765319426336376,0.46368715083798884,0.6350604361455299
sklearn_raw,0.039765319426336376,0.4767225325884544,0.6241197946840655
sklearn_raw,0.04041720990873533,0.4767225325884544,0.6241140746923264
sklearn_raw,0.04041720990873533,0.48044692737430167,0.6214901280039347
sklearn_raw,0.04106910039113429,0.48044692737430167,0.6205961464058573
sklearn_raw,0.04106910039113429,0.48789571694599626,0.6155693581225425
sklearn_raw,0.041720990873533245,0.48789571694599626,0.6153286448645207
sklearn_raw,0.041720990873533245,0.4897579143389199,0.6137936567046859
sklearn_raw,0.0423728813559322,0.4897579143389199,0.6136691032431562
sklearn_raw,0.0423728813559322,0.49162011173184356,0.6131200195615353
sklearn_raw,0.043676662320730114,0.49162011173184356,0.6118627845993841
sklearn_raw,0.043676662320730114,0.49534450651769085,0.610920497368305
sklearn_raw,0.044980443285528034,0.49534450651769085,0.6089778686775013
sklearn_raw,0.044980443285528034,0.5027932960893855,0.6080131521247828
sklearn_raw,0.04563233376792699,0.5027932960893855,0.6066892266741534
sklearn_raw,0.04563233376792699,0.5121042830540037,0.5975672453847771
sklearn_raw,0.046284224250325946,0.5121042830540037,0.5962389188831383
sklearn_raw,0.046284224250325946,0.515828677839851,0.592051436468343
sklearn_raw,0.0469361147327249,0.515828677839851,0.5908862320659507
sklearn_raw,0.0469361147327249,0.521415270018622,0.5892435756535154
sklearn_raw,0.04758800521512386,0.521415270018622,0.5883041663559181
sklearn_raw,0.04758800521512386,0.5288640595903166,0.5854121403969277
sklearn_raw,0.048239895697522815,0.5288640595903166,0.58219331890489
sklearn_raw,0.048239895697522815,0.5307262569832403,0.5806096398769774
sklearn_raw,0.04889178617992177,0.5307262569832403,0.5734498145811799
sklearn_raw,0.04889178617992177,0.5363128491620112,0.5640295980888831
sklearn_raw,0.05084745762711865,0.5363128491620112,0.5606954630413392
sklearn_raw,0.05084745762711865,0.5437616387337058,0.5565535588826709
sklearn_raw,0.05215123859191656,0.5437616387337058,0.5544177713328969
sklearn_raw,0.05215123859191656,0.553072625698324,0.5488944076246867
sklearn_raw,0.052803129074315516,0.553072625698324,0.5488939195954367
sklearn_raw,0.052803129074315516,0.5586592178770949,0.5433695780494628
sklearn_raw,0.05410691003911343,0.5586592178770949,0.5364650651687629
sklearn_raw,0.05410691003911343,0.5623836126629422,0.5352564545189654
sklearn_raw,0.05541069100391134,0.5623836126629422,0.534580087257755
sklearn_raw,0.05541069100391134,0.5661080074487895,0.524988709547089
sklearn_raw,0.0560625814863103,0.5661080074487895,0.5248717264870841
sklearn_raw,0.0560625814863103,0.5698324022346368,0.5226308972142776
sklearn_raw,0.056714471968709254,0.5698324022346368,0.5220436468937154
sklearn_raw,0.056714471968709254,0.5754189944134078,0.5150234160163827
sklearn_raw,0.05736636245110821,0.5754189944134078,0.5148970072361582
sklearn_raw,0.05736636245110821,0.5884543761638734,0.5056703321158637
sklearn_raw,0.05997392438070404,0.5884543761638734,0.5033622951277232
sklearn_raw,0.05997392438070404,0.590316573556797,0.5030086186061953
sklearn_raw,0.060625814863103,0.590316573556797,0.5029103024086027
sklearn_raw,0.060625814863103,0.5977653631284916,0.500577554659602
sklearn_raw,0.061277705345501955,0.5977653631284916,0.49634897556098295
sklearn_raw,0.061277705345501955,0.5996275605214153,0.4962608526661631
sklearn_raw,0.06388526727509779,0.5996275605214153,0.49357844887854146
sklearn_raw,0.06388526727509779,0.6014897579143389,0.49180507264732765
sklearn_raw,0.06453715775749674,0.6014897579143389,0.4912726575130444
sklearn_raw,0.06453715775749674,0.6033519553072626,0.49054143281218815
sklearn_raw,0.06584093872229466,0.6033519553072626,0.4874317724933233
sklearn_raw,0.06584093872229466,0.6089385474860335,0.48327755451588533
sklearn_raw,0.06649282920469361,0.6089385474860335,0.4814376439991283
sklearn_raw,0.06649282920469361,0.6108007448789572,0.47949224040802124
sklearn_raw,0.06844850065189048,0.6108007448789572,0.4778953510410329
sklearn_raw,0.06844850065189048,0.6145251396648045,0.47448464816537333
sklearn_raw,0.06910039113428944,0.6145251396648045,0.47411816091139986
sklearn_raw,0.06910039113428944,0.6163873370577281,0.4733695999079556
sklearn_raw,0.0697522816166884,0.6163873370577281,0.47243771193281864
sklearn_raw,0.0697522816166884,0.6201117318435754,0.47132326628622945
sklearn_raw,0.07040417209908735,0.6201117318435754,0.4708118401132959
sklearn_raw,0.07040417209908735,0.6256983240223464,0.46986645525880005
sklearn_raw,0.0710560625814863,0.6256983240223464,0.4683894432640792
sklearn_raw,0.0710560625814863,0.6294227188081937,0.4669737973240438
sklearn_raw,0.07301173402868318,0.6294227188081937,0.4653346352477897
sklearn_raw,0.07301173402868318,0.6312849162011173,0.46164086084630934
sklearn_raw,0.07431551499348109,0.6312849162011173,0.46123848787893496
sklearn_raw,0.07431551499348109,0.6405959031657356,0.45289177104914524
sklearn_raw,0.07496740547588006,0.6405959031657356,0.45241399222988604
sklearn_raw,0.07496740547588006,0.6499068901303539,0.44788900951959754
sklearn_raw,0.07561929595827901,0.6499068901303539,0.44787012615915744
sklearn_raw,0.07561929595827901,0.6573556797020484,0.4445202902213379
sklearn_raw,0.07627118644067797,0.6573556797020484,0.4437322376806903
sklearn_raw,0.07627118644067797,0.659217877094972,0.4422062963372686
sklearn_raw,0.07757496740547588,0.659217877094972,0.4392118913406714
sklearn_raw,0.07757496740547588,0.6610800744878957,0.43680441249409574
sklearn_raw,0.07822685788787484,0.6610800744878957,0.43596262923281165
sklearn_raw,0.07822685788787484,0.6629422718808193,0.43443764943396457
sklearn_raw,0.0788787483702738,0.6629422718808193,0.43395483192326817
sklearn_raw,0.0788787483702738,0.664804469273743,0.43364446391746597
sklearn_raw,0.08018252933507171,0.664804469273743,0.43287621942856813
sklearn_raw,0.08018252933507171,0.6666666666666666,0.4300535173730374
sklearn_raw,0.08148631029986962,0.6666666666666666,0.42805808565474646
sklearn_raw,0.08148631029986962,0.6685288640595903,0.42767881495578086
sklearn_raw,0.08213820078226858,0.6685288640595903,0.4262866496567581
sklearn_raw,0.08213820078226858,0.6741154562383612,0.423439306712666
sklearn_raw,0.08279009126466753,0.6741154562383612,0.4226939623990548
sklearn_raw,0.08279009126466753,0.6759776536312849,0.42051109987246715
sklearn_raw,0.08539765319426336,0.6759776536312849,0.4157154580192602
sklearn_raw,0.08539765319426336,0.6852886405959032,0.4097334946345338
sklearn_raw,0.08670143415906127,0.6852886405959032,0.40899992278103886
sklearn_raw,0.08670143415906127,0.6871508379888268,0.40874474323406235
sklearn_raw,0.08735332464146023,0.6871508379888268,0.40809983689836143
sklearn_raw,0.08735332464146023,0.6890130353817505,0.40807134462718353
sklearn_raw,0.08865710560625815,0.6890130353817505,0.4072799373115756
sklearn_raw,0.08865710560625815,0.6927374301675978,0.40672325529688086
sklearn_raw,0.08930899608865711,0.6927374301675978,0.4062376699884332
sklearn_raw,0.08930899608865711,0.6964618249534451,0.40603822072551154
sklearn_raw,0.08996088657105607,0.6964618249534451,0.4049433439831104
sklearn_raw,0.08996088657105607,0.7001862197392924,0.40400350205766966
sklearn_raw,0.09061277705345502,0.7001862197392924,0.40042665937835564
sklearn_raw,0.09061277705345502,0.7039106145251397,0.39875027076036773
sklearn_raw,0.09126466753585398,0.7039106145251397,0.398192534521961
sklearn_raw,0.09126466753585398,0.7094972067039106,0.3969437439305871
sklearn_raw,0.09191655801825294,0.7094972067039106,0.395851737198501
sklearn_raw,0.09191655801825294,0.7150837988826816,0.392990058128959
sklearn_raw,0.09322033898305085,0.7150837988826816,0.39153664121860676
sklearn_raw,0.09322033898305085,0.7188081936685289,0.3901467867733916
sklearn_raw,0.0938722294654498,0.7188081936685289,0.3895575706929557
sklearn_raw,0.0938722294654498,0.7206703910614525,0.38815608243194333
sklearn_raw,0.09452411994784876,0.7206703910614525,0.3879060280806642
sklearn_raw,0.09452411994784876,0.7243947858472998,0.38699958520352
sklearn_raw,0.09517601043024772,0.7243947858472998,0.38555573802657556
sklearn_raw,0.09517601043024772,0.7262569832402235,0.3836586260316245
sklearn_raw,0.09582790091264667,0.7262569832402235,0.38313839946737355
sklearn_raw,0.09582790091264667,0.7281191806331471,0.38175745859207466
sklearn_raw,0.0984354628422425,0.7281191806331471,0.3784679902433844
sklearn_raw,0.0984354628422425,0.7337057728119181,0.3774119692997609
sklearn_raw,0.09908735332464146,0.7337057728119181,0.3770576989945059
sklearn_raw,0.09908735332464146,0.7392923649906891,0.37499308681100557
sklearn_raw,0.09973924380704041,0.7392923649906891,0.3737085401339405
sklearn_raw,0.09973924380704041,0.7411545623836127,0.3732088836925495
sklearn_raw,0.10560625814863103,0.7411545623836127,0.3673475190853977
sklearn_raw,0.10560625814863103,0.74487895716946,0.3665884817624081
sklearn_raw,0.10625814863102999,0.74487895716946,0.36514605822313434
sklearn_raw,0.10625814863102999,0.7467411545623837,0.3648392871497744
sklearn_raw,0.10886571056062581,0.7467411545623837,0.35975995046687964
sklearn_raw,0.10886571056062581,0.7486033519553073,0.35951849733486374
sklearn_raw,0.1121251629726206,0.7486033519553073,0.35781702762508905
sklearn_raw,0.1121251629726206,0.750465549348231,0.3570243612308171
sklearn_raw,0.11408083441981746,0.750465549348231,0.35409127357133596
sklearn_raw,0.11408083441981746,0.7523277467411545,0.3536939815130882
sklearn_raw,0.11603650586701435,0.7523277467411545,0.35195805253376455
sklearn_raw,0.11603650586701435,0.7541899441340782,0.35181151323985627
sklearn_raw,0.11929595827900913,0.7541899441340782,0.34326218679920895
sklearn_raw,0.11929595827900913,0.7579143389199255,0.34291585756985915
sklearn_raw,0.121251629726206,0.7579143389199255,0.34119241859217303
sklearn_raw,0.121251629726206,0.7597765363128491,0.33959692414427706
sklearn_raw,0.12320730117340287,0.7597765363128491,0.336425422877128
sklearn_raw,0.12320730117340287,0.7616387337057728,0.3363138215565316
sklearn_raw,0.12385919165580182,0.7616387337057728,0.3338956846915753
sklearn_raw,0.12385919165580182,0.7653631284916201,0.3316130391876065
sklearn_raw,0.12451108213820078,0.7653631284916201,0.33138298995257576
sklearn_raw,0.12451108213820078,0.7672253258845437,0.33132689720494074
sklearn_raw,0.12516297262059975,0.7672253258845437,0.33127130533677107
sklearn_raw,0.12516297262059975,0.7690875232774674,0.33105010302143895
sklearn_raw,0.1258148631029987,0.7690875232774674,0.330893242026088
sklearn_raw,0.1258148631029987,0.770949720670391,0.32883681765845735
sklearn_raw,0.1271186440677966,0.770949720670391,0.32847504094508584
sklearn_raw,0.1271186440677966,0.7728119180633147,0.3262818614018173
sklearn_raw,0.12842242503259452,0.7728119180633147,0.32588870034375694
sklearn_raw,0.12842242503259452,0.776536312849162,0.32527663726125916
sklearn_raw,0.12972620599739243,0.776536312849162,0.3250222350966952
sklearn_raw,0.12972620599739243,0.7802607076350093,0.32348712593109297
sklearn_raw,0.13102998696219034,0.7802607076350093,0.32261776278106474
sklearn_raw,0.13102998696219034,0.7821229050279329,0.3216469128936325
sklearn_raw,0.13298565840938723,0.7821229050279329,0.31937119987757157
sklearn_raw,0.13298565840938723,0.7839851024208566,0.3189992355006583
sklearn_raw,0.13494132985658408,0.7839851024208566,0.31779947209041076
sklearn_raw,0.13494132985658408,0.7858472998137802,0.31593110856318374
sklearn_raw,0.1408083441981747,0.7858472998137802,0.30708233823874
sklearn_raw,0.1408083441981747,0.7877094972067039,0.3057674023601821
sklearn_raw,0.1440677966101695,0.7877094972067039,0.3034696161133167
sklearn_raw,0.1440677966101695,0.7895716945996276,0.30322594162643135
sklearn_raw,0.14797913950456323,0.7895716945996276,0.29810501442078247
sklearn_raw,0.14797913950456323,0.7914338919925512,0.2980789421963855
sklearn_raw,0.14863102998696218,0.7914338919925512,0.2968935380564948
sklearn_raw,0.14863102998696218,0.7932960893854749,0.2966738632699697
sklearn_raw,0.15254237288135594,0.7932960893854749,0.29590050499544956
sklearn_raw,0.15254237288135594,0.7951582867783985,0.29567389345224804
sklearn_raw,0.15319426336375488,0.7951582867783985,0.2952576777554837
sklearn_raw,0.15319426336375488,0.7970204841713222,0.2947586933734073
sklearn_raw,0.15384615384615385,0.7970204841713222,0.29473092838605813
sklearn_raw,0.15384615384615385,0.7988826815642458,0.294586367844694
sklearn_raw,0.1558018252933507,0.7988826815642458,0.29312913415330705
sklearn_raw,0.1558018252933507,0.8026070763500931,0.29044160197794044
sklearn_raw,0.15645371577574968,0.8026070763500931,0.2902884667298871
sklearn_raw,0.15645371577574968,0.8063314711359404,0.28906985364503074
sklearn_raw,0.15710560625814862,0.8063314711359404,0.2885114756868365
sklearn_raw,0.15710560625814862,0.8081936685288641,0.28850102017506213
sklearn_raw,0.1590612777053455,0.8081936685288641,0.28830277919168074
sklearn_raw,0.1590612777053455,0.8100558659217877,0.28817476821373805
sklearn_raw,0.1681877444589309,0.8100558659217877,0.2780312786477897
sklearn_raw,0.1681877444589309,0.8119180633147114,0.2778478174331547
sklearn_raw,0.1694915254237288,0.8119180633147114,0.27683574015341095
sklearn_raw,0.1694915254237288,0.8156424581005587,0.2749632833067718
sklearn_raw,0.17470664928292046,0.8156424581005587,0.27131584939798337
sklearn_raw,0.17470664928292046,0.8175046554934823,0.2705631017117042
sklearn_raw,0.17535853976531943,0.8175046554934823,0.27016790884890624
sklearn_raw,0.17535853976531943,0.819366852886406,0.26977015073166344
sklearn_raw,0.17926988265971316,0.819366852886406,0.264645656781491
sklearn_raw,0.17926988265971316,0.8230912476722533,0.26333878818411754
sklearn_raw,0.1897001303780965,0.8230912476722533,0.2566235772316963
sklearn_raw,0.1897001303780965,0.8268156424581006,0.2551797486467516
sklearn_raw,0.19361147327249023,0.8268156424581006,0.25327457390339286
sklearn_raw,0.19361147327249023,0.8305400372439479,0.25110661685338564
sklearn_raw,0.1981747066492829,0.8305400372439479,0.2467592700095162
sklearn_raw,0.1981747066492829,0.8324022346368715,0.24659830885501882
sklearn_raw,0.19882659713168188,0.8324022346368715,0.24633498616129115
sklearn_raw,0.19882659713168188,0.8342644320297952,0.24621750622643268
sklearn_raw,0.19947848761408082,0.8342644320297952,0.2449955381002104
sklearn_raw,0.19947848761408082,0.8361266294227188,0.24495339491259174
sklearn_raw,0.2138200782268579,0.8361266294227188,0.23955047163464677
sklearn_raw,0.2138200782268579,0.8379888268156425,0.23942986943029426
sklearn_raw,0.21903520208604954,0.8379888268156425,0.23665375921742754
sklearn_raw,0.21903520208604954,0.839851024208566,0.23639318273528653
sklearn_raw,0.2196870925684485,0.839851024208566,0.23505390268858262
sklearn_raw,0.2196870925684485,0.8417132216014898,0.23491120311972424
sklearn_raw,0.227509778357236,0.8417132216014898,0.2298038909889204
sklearn_raw,0.227509778357236,0.845437616387337,0.22937930049168778
sklearn_raw,0.2288135593220339,0.845437616387337,0.22843393954505578
sklearn_raw,0.2288135593220339,0.8472998137802608,0.22811241173117627
sklearn_raw,0.23402868318122555,0.8472998137802608,0.2237523139867883
sklearn_raw,0.23402868318122555,0.8491620111731844,0.22369355420161316
sklearn_raw,0.23663624511082137,0.8491620111731844,0.22278193424262832
sklearn_raw,0.23663624511082137,0.851024208566108,0.22272645406282027
sklearn_raw,0.23859191655801826,0.851024208566108,0.2210993773717433
sklearn_raw,0.23859191655801826,0.8547486033519553,0.21797068610003859
sklearn_raw,0.242503259452412,0.8547486033519553,0.21466052632811652
sklearn_raw,0.242503259452412,0.8566108007448789,0.21446650053152222
sklearn_raw,0.24837027379400262,0.8566108007448789,0.21038801881535332
sklearn_raw,0.24837027379400262,0.8584729981378026,0.2103215356626041
sklearn_raw,0.2503259452411995,0.8584729981378026,0.20912993361232443
sklearn_raw,0.2503259452411995,0.8621973929236499,0.20721431801699497
sklearn_raw,0.2542372881355932,0.8621973929236499,0.20579444074397452
sklearn_raw,0.2542372881355932,0.8659217877094972,0.2049454993596809
sklearn_raw,0.25684485006518903,0.8659217877094972,0.2045293197896487
sklearn_raw,0.25684485006518903,0.8677839851024208,0.2041365875492843
sklearn_raw,0.26010430247718386,0.8677839851024208,0.20292784498983008
sklearn_raw,0.26010430247718386,0.8696461824953445,0.2020596481273177
sklearn_raw,0.2666232073011734,0.8696461824953445,0.19860906704974424
sklearn_raw,0.2666232073011734,0.8715083798882681,0.1982508707396331
sklearn_raw,0.26792698826597133,0.8715083798882681,0.19777347791300764
sklearn_raw,0.26792698826597133,0.8752327746741154,0.1968016372659752
sklearn_raw,0.27053455019556716,0.8752327746741154,0.1926677994759792
sklearn_raw,0.27053455019556716,0.8770949720670391,0.19208480516449775
sklearn_raw,0.2757496740547588,0.8770949720670391,0.188864610806892
sklearn_raw,0.2757496740547588,0.8789571694599627,0.18871714987857466
sklearn_raw,0.28096479791395046,0.8789571694599627,0.1856964771173722
sklearn_raw,0.28096479791395046,0.8808193668528864,0.18503193845220295
sklearn_raw,0.2894393741851369,0.8808193668528864,0.17996497023437777
sklearn_raw,0.2894393741851369,0.88268156424581,0.1768261415504572
sklearn_raw,0.2907431551499348,0.88268156424581,0.1757975706328712
sklearn_raw,0.2907431551499348,0.8845437616387337,0.17508296126518377
sklearn_raw,0.2920469361147327,0.8845437616387337,0.1739619132756968
sklearn_raw,0.2920469361147327,0.8864059590316573,0.17342326349816836
sklearn_raw,0.29335071707953064,0.8864059590316573,0.1730392120832405
sklearn_raw,0.29335071707953064,0.888268156424581,0.1729431872746678
sklearn_raw,0.29595827900912647,0.888268156424581,0.17098781299737095
sklearn_raw,0.29595827900912647,0.8901303538175046,0.1698874057344394
sklearn_raw,0.3050847457627119,0.8901303538175046,0.1634094530406401
sklearn_raw,0.3050847457627119,0.8919925512104283,0.1632504027603906
sklearn_raw,0.3057366362451108,0.8919925512104283,0.16313223477541772
sklearn_raw,0.3057366362451108,0.8938547486033519,0.1629205980377202
sklearn_raw,0.30834419817470665,0.8938547486033519,0.16154149051125305
sklearn_raw,0.30834419817470665,0.8957169459962756,0.1611601159494111
sklearn_raw,0.32529335071707954,0.8957169459962756,0.1516842231481371
sklearn_raw,0.32529335071707954,0.8994413407821229,0.15157380502130155
sklearn_raw,0.32790091264667537,0.8994413407821229,0.14966199037202504
sklearn_raw,0.32790091264667537,0.9013035381750466,0.14951468093053358
sklearn_raw,0.33116036505867014,0.9013035381750466,0.14765735835858373
sklearn_raw,0.33116036505867014,0.9031657355679702,0.1474340090187588
sklearn_raw,0.3396349413298566,0.9031657355679702,0.13753286568733936
sklearn_raw,0.3396349413298566,0.9050279329608939,0.1361526082286421
sklearn_raw,0.34028683181225555,0.9050279329608939,0.1360339596479949
sklearn_raw,0.34028683181225555,0.9068901303538175,0.13591805519695546
sklearn_raw,0.34419817470664926,0.9068901303538175,0.1335744613770191
sklearn_raw,0.34419817470664926,0.9087523277467412,0.13342396017191988
sklearn_raw,0.3513689700130378,0.9087523277467412,0.13026100376830196
sklearn_raw,0.3513689700130378,0.9106145251396648,0.1298554447993664
sklearn_raw,0.3520208604954368,0.9106145251396648,0.1298531135798376
sklearn_raw,0.3520208604954368,0.9124767225325885,0.12918088437994468
sklearn_raw,0.3663624511082138,0.9124767225325885,0.12316350352803435
sklearn_raw,0.3663624511082138,0.9162011173184358,0.12259352574526804
sklearn_raw,0.36962190352020863,0.9162011173184358,0.1219727760346883
sklearn_raw,0.36962190352020863,0.9180633147113594,0.12189495375518503
sklearn_raw,0.3709256844850065,0.9180633147113594,0.12100692022975065
sklearn_raw,0.3709256844850065,0.9217877094972067,0.12042720008015685
sklearn_raw,0.37157757496740546,0.9217877094972067,0.12035211346993017
sklearn_raw,0.37157757496740546,0.9236499068901304,0.11996201756718353
sklearn_raw,0.38396349413298564,0.9236499068901304,0.11223855649199274
sklearn_raw,0.38396349413298564,0.925512104283054,0.11182672194249822
sklearn_raw,0.38461538461538464,0.925512104283054,0.11121556077168697
sklearn_raw,0.38461538461538464,0.9273743016759777,0.11117259931765056
sklearn_raw,0.3852672750977836,0.9273743016759777,0.11106312126177972
sklearn_raw,0.3852672750977836,0.9292364990689013,0.11080725531148213
sklearn_raw,0.39960886571056065,0.9292364990689013,0.10439143354777809
sklearn_raw,0.39960886571056065,0.931098696461825,0.10419660212812204
sklearn_raw,0.4048239895697523,0.931098696461825,0.10193465861038525
sklearn_raw,0.4048239895697523,0.9329608938547486,0.10190152175946059
sklearn_raw,0.41003911342894395,0.9329608938547486,0.10067705618994655
sklearn_raw,0.41003911342894395,0.9348230912476723,0.1006679412716101
sklearn_raw,0.41460234680573665,0.9348230912476723,0.10015535328427191
sklearn_raw,0.41460234680573665,0.9366852886405959,0.09988743462456126
sklearn_raw,0.4256844850065189,0.9366852886405959,0.09557768563957295
sklearn_raw,0.4256844850065189,0.9385474860335196,0.09534977261424742
sklearn_raw,0.4348109517601043,0.9385474860335196,0.09094210080866305
sklearn_raw,0.4348109517601043,0.9404096834264432,0.09082904936304821
sklearn_raw,0.44002607561929596,0.9404096834264432,0.08944264958271685
sklearn_raw,0.44002607561929596,0.9422718808193669,0.08932991993947262
sklearn_raw,0.455019556714472,0.9422718808193669,0.08506350527536782
sklearn_raw,0.455019556714472,0.9441340782122905,0.08446669387275905
sklearn_raw,0.46936114732724904,0.9441340782122905,0.0796655054598679
sklearn_raw,0.46936114732724904,0.9478584729981379,0.07911272740356619
sklearn_raw,0.470013037809648,0.9478584729981379,0.07813348223025889
sklearn_raw,0.470013037809648,0.9497206703910615,0.07732792233801647
sklearn_raw,0.4726205997392438,0.9497206703910615,0.07658353495357842
sklearn_raw,0.4726205997392438,0.9515828677839852,0.07632467771839505
sklearn_raw,0.48565840938722293,0.9515828677839852,0.07201283834164529
sklearn_raw,0.48565840938722293,0.9534450651769087,0.07189116359742309
sklearn_raw,0.4980443285528031,0.9534450651769087,0.06886895354625527
sklearn_raw,0.4980443285528031,0.957169459962756,0.06865194223692016
sklearn_raw,0.5019556714471969,0.957169459962756,0.06739339707924007
sklearn_raw,0.5019556714471969,0.9590316573556797,0.06736626856546905
sklearn_raw,0.5143415906127771,0.9590316573556797,0.06482208202473948
sklearn_raw,0.5143415906127771,0.9608938547486033,0.06479842875934765
sklearn_raw,0.515645371577575,0.9608938547486033,0.06456738256230003
sklearn_raw,0.515645371577575,0.9646182495344506,0.06415282568478757
sklearn_raw,0.5273794002607562,0.9646182495344506,0.06240043293702246
sklearn_raw,0.5273794002607562,0.9664804469273743,0.06224673017448371
sklearn_raw,0.5404172099087353,0.9664804469273743,0.05954664219170389
sklearn_raw,0.5404172099087353,0.9683426443202979,0.05950568013554151
sklearn_raw,0.5514993481095176,0.9683426443202979,0.05734380055461233
sklearn_raw,0.5514993481095176,0.9702048417132216,0.057340583718119724
sklearn_raw,0.5645371577574967,0.9702048417132216,0.05347779428885401
sklearn_raw,0.5645371577574967,0.9720670391061452,0.0533619158090525
sklearn_raw,0.5743155149934811,0.9720670391061452,0.05110235019257994
sklearn_raw,0.5743155149934811,0.9739292364990689,0.0509210546052494
sklearn_raw,0.5860495436766623,0.9739292364990689,0.04854392942953644
sklearn_raw,0.5860495436766623,0.9757914338919925,0.04831002170337056
sklearn_raw,0.6036505867014341,0.9757914338919925,0.0447839173292285
sklearn_raw,0.6036505867014341,0.9776536312849162,0.04441587215912129
sklearn_raw,0.6388526727509778,0.9776536312849162,0.03767647578102725
sklearn_raw,0.6388526727509778,0.9795158286778398,0.037611408226020444
sklearn_raw,0.6401564537157758,0.9795158286778398,0.03744343694392088
sklearn_raw,0.6401564537157758,0.9813780260707635,0.03725709170593451
sklearn_raw,0.6623207301173403,0.9813780260707635,0.0338647082484276
sklearn_raw,0.6623207301173403,0.9832402234636871,0.033719296436456686
sklearn_raw,0.758148631029987,0.9832402234636871,0.023005368974506713
sklearn_raw,0.758148631029987,0.9851024208566108,0.02299944356303528
sklearn_raw,0.7913950456323338,0.9851024208566108,0.018814461860116562
sklearn_raw,0.7913950456323338,0.9869646182495344,0.018786231856878267
sklearn_raw,0.7946544980443285,0.9869646182495344,0.018434924062336412
sklearn_raw,0.7946544980443285,0.9888268156424581,0.018423195110032542
sklearn_raw,0.8076923076923077,0.9888268156424581,0.01686023087392325
sklearn_raw,0.8076923076923077,0.9906890130353817,0.016801482402513866
sklearn_raw,0.848109517601043,0.9906890130353817,0.012562480401677484
sklearn_raw,0.848109517601043,0.9925512104283054,0.012548436920064476
sklearn_raw,0.8494132985658409,0.9925512104283054,0.012515563377229125
sklearn_raw,0.8494132985658409,0.994413407821229,0.012348636212552961
sklearn_raw,0.8526727509778357,0.994413407821229,0.011519023445850613
sklearn_raw,0.8526727509778357,0.9962756052141527,0.011286065173317138
sklearn_raw,0.863102998696219,0.9962756052141527,0.009946308284988003
sklearn_raw,0.863102998696219,0.9981378026070763,0.0098973838371803
sklearn_raw,0.8917861799217731,0.9981378026070763,0.0063724949065201405
sklearn_raw,0.8917861799217731,1.0,0.006310729347056697
sklearn_raw,1.0,1.0,8.240431971584418e-05
